date,game_pk,matchup,batting_team,opp_team,batter,batter_id,order,batter_hand,opp_pitcher,opp_pitcher_hand,batter_avg,batter_obp,batter_slg,batter_vs_hand_avg,batter_vs_hand_obp,batter_vs_hand_slg,pitcher_era,pitcher_whip,pitcher_ba_allowed,pitcher_xba_allowed,pitcher_woba_allowed,pitcher_vs_hand_baa,pitcher_vs_hand_xba,pitcher_vs_hand_woba,last15_hitter_avg,last15_pitcher_era,temp_c,wind_kph,precip,batter_whiff_pct,opp_team_defense_drs,bullpen_risk_flag,bullpen_fatigue_score,bullpen_adjustment,pitcher_whiff_pct,high_whiff_flag,elite_defense_flag,weak_defense_flag,context_adjustment,whiff_penalty,order_score,batter_avg_score,batter_split_score,pitcher_score,form_score,env_score,hit_score,game_rank
2026-07-22,825055,Athletics @ Arizona Diamondbacks,Arizona Diamondbacks,Athletics,Ketel Marte,606466,1,R,Gage Jump,L,0.258,0.313,0.461,.305,.348,.610,4.42,1.42,0.276,,,.273,,,0.26119999999999993,3.5736363636363637,,,,20.6,-9,0,0,0.0,0.0,0,0,1,0.02,0.0,1.0,0.44027303754266217,0.3374413483582478,0.6916825990860893,0.5901660379814755,0.6499999999999999,0.6653900225126101,1
2026-07-22,825055,Athletics @ Arizona Diamondbacks,Athletics,Arizona Diamondbacks,Jacob Wilson,805779,1,R,Merrill Kelly,R,0.291,0.322,0.422,.303,.333,.429,5.12,1.48,0.279,,,.289,,,0.2814,5.962666666666666,,,,14.3,-4,0,0,0.0,0.0,0,0,0,0.0,0.0,1.0,0.49658703071672355,0.29942175364911544,0.7698996655518394,0.7670539419087137,0.6499999999999999,0.6358834293641377,2
2026-07-22,825055,Athletics @ Arizona Diamondbacks,Athletics,Arizona Diamondbacks,Alika Williams,675961,1,R,Merrill Kelly,R,0.272,0.299,0.435,.239,.265,.370,5.12,1.48,0.279,,,.289,,,0.28080000000000005,5.962666666666666,,,,25.0,-4,0,0,0.0,0.0,0,0,0,0.0,0.01,1.0,0.46416382252559735,0.23151199859120855,0.7698996655518394,0.7660580912863071,0.6499999999999999,0.6087566130062999,3
2026-07-22,825055,Athletics @ Arizona Diamondbacks,Arizona Diamondbacks,Athletics,Geraldo Perdomo,672695,2,R,Gage Jump,L,0.237,0.352,0.355,.232,.316,.323,4.42,1.42,0.276,,,.273,,,0.24126666666666666,3.5736363636363637,,,,12.2,-9,0,0,0.0,0.0,0,0,1,0.02,0.0,0.75,0.4044368600682594,0.23759308968043807,0.6916825990860893,0.557081667303744,0.6499999999999999,0.585465302241498,4
2026-07-22,825055,Athletics @ Arizona Diamondbacks,Arizona Diamondbacks,Athletics,Tyler Locklear,682988,1,R,Gage Jump,L,0.25,0.4,0.25,.000,.333,.000,4.42,1.42,0.276,,,.273,,,0.25,3.5736363636363637,,,,25.0,-9,0,0,0.0,0.0,0,0,1,0.02,0.01,1.0,0.42662116040955633,0.06523272214386461,0.6916825990860893,0.5715768263632184,0.6499999999999999,0.5845494842162756,5
2026-07-22,825055,Athletics @ Arizona Diamondbacks,Athletics,Arizona Diamondbacks,Tyler Soderstrom,691016,2,R,Merrill Kelly,R,0.248,0.346,0.474,.262,.370,.493,5.12,1.48,0.279,,,.289,,,0.24400000000000002,5.962666666666666,,,,21.2,-4,0,0,0.0,0.0,0,0,0,0.0,0.0,0.75,0.4232081911262799,0.3021415769577017,0.7698996655518394,0.7049792531120331,0.6499999999999999,0.5772521818717822,6
2026-07-22,825055,Athletics @ Arizona Diamondbacks,Arizona Diamondbacks,Athletics,Corbin Carroll,682998,3,R,Gage Jump,L,0.252,0.344,0.49,.351,.419,.605,4.42,1.42,0.276,,,.273,,,0.2578666666666667,3.5736363636363637,,,,29.2,-9,0,0,0.0,0.0,0,0,1,0.02,0.01,0.5,0.4300341296928328,0.3857554891024385,0.6916825990860893,0.584633534523661,0.6499999999999999,0.5666386821799856,7
2026-07-22,825055,Athletics @ Arizona Diamondbacks,Athletics,Arizona Diamondbacks,Henry Bolte,703607,2,R,Merrill Kelly,R,0.251,0.329,0.335,.250,.343,.292,5.12,1.48,0.279,,,.289,,,0.27240000000000003,5.962666666666666,,,,25.0,-4,0,0,0.0,0.0,0,0,0,0.0,0.01,0.75,0.4283276450511946,0.2511392119655109,0.7698996655518394,0.7521161825726141,0.6499999999999999,0.5615721300428216,8
2026-07-22,825055,Athletics @ Arizona Diamondbacks,Arizona Diamondbacks,Athletics,Jorge Barrosa,678489,3,R,Gage Jump,L,0.193,0.278,0.353,.256,.370,.462,4.42,1.42,0.276,,,.273,,,0.1854,3.5736363636363637,,,,25.0,-9,0,0,0.0,0.0,0,0,1,0.02,0.01,0.5,0.3293515358361775,0.29356514755280094,0.6916825990860893,0.4643569093507702,0.6499999999999999,0.5255496030166426,9
2026-07-22,825055,Athletics @ Arizona Diamondbacks,Athletics,Arizona Diamondbacks,Shea Langeliers,669127,3,R,Merrill Kelly,R,0.263,0.333,0.497,.236,.305,.442,5.12,1.48,0.279,,,.289,,,0.2608,5.962666666666666,,,,28.2,-4,0,0,0.0,0.0,0,0,0,0.0,0.01,0.5,0.4488054607508533,0.2566432087529398,0.7698996655518394,0.732863070539419,0.6499999999999999,0.5100601624346994,10
2026-07-22,825055,Athletics @ Arizona Diamondbacks,Arizona Diamondbacks,Athletics,Gabriel Moreno,672515,4,R,Gage Jump,L,0.302,0.391,0.442,.262,.320,.446,4.42,1.42,0.276,,,.273,,,0.2968666666666666,3.5736363636363637,,,,25.0,-9,0,0,0.0,0.0,0,0,1,0.02,0.01,0.25,0.515358361774744,0.27628474045157037,0.6916825990860893,0.6493638249800924,0.6499999999999999,0.4989805385857332,11
2026-07-22,825055,Athletics @ Arizona Diamondbacks,Athletics,Arizona Diamondbacks,Max Muncy,691777,3,R,Merrill Kelly,R,0.223,0.298,0.389,.230,.266,.390,5.12,1.48,0.279,,,.289,,,0.23,5.962666666666666,,,,26.7,-4,0,0,0.0,0.0,0,0,0,0.0,0.01,0.5,0.3805460750853243,0.2306394036993942,0.7698996655518394,0.6817427385892116,0.6499999999999999,0.4958911613787821,12
2026-07-22,825055,Athletics @ Arizona Diamondbacks,Athletics,Arizona Diamondbacks,Carlos Cortes,666126,4,R,Merrill Kelly,R,0.393,0.485,0.786,.263,.342,.424,5.12,1.48,0.279,,,.289,,,0.2782666666666667,5.962666666666666,,,,25.0,-4,0,0,0.0,0.0,0,0,0,0.0,0.01,0.25,0.6706484641638226,0.28071659098801377,0.7698996655518394,0.7618533886583679,0.6499999999999999,0.47042705571131044,13
2026-07-22,825055,Athletics @ Arizona Diamondbacks,Arizona Diamondbacks,Athletics,Max Kepler,596146,5,R,Gage Jump,L,0.235,0.281,0.412,.400,.400,.600,4.42,1.42,0.276,,,.273,,,0.16573333333333334,3.5736363636363637,,,,25.0,-9,0,0,0.0,0.0,0,0,1,0.02,0.01,0.0,0.40102389078498296,0.40391005459066875,0.6916825990860893,0.4317151389496637,0.6499999999999999,0.4482395642159435,14
2026-07-22,825055,Athletics @ Arizona Diamondbacks,Arizona Diamondbacks,Athletics,Nolan Arenado,571448,5,R,Gage Jump,L,0.245,0.323,0.43,.253,.330,.470,4.42,1.42,0.276,,,.273,,,0.2420666666666666,3.5736363636363637,,,,24.4,-9,0,0,0.0,0.0,0,0,1,0.02,0.0,0.0,0.4180887372013652,0.2792857460258421,0.6916825990860893,0.5584094681336194,0.6499999999999999,0.44608763645233024,15
2026-07-22,825055,Athletics @ Arizona Diamondbacks,Athletics,Arizona Diamondbacks,Donovan Walton,622268,5,R,Merrill Kelly,R,0.304,0.377,0.5,.315,.394,.500,5.12,1.48,0.279,,,.289,,,0.3143333333333334,5.962666666666666,,,,25.0,-4,0,0,0.0,0.0,0,0,0,0.0,0.01,0.0,0.5187713310580205,0.33965904284470544,0.7698996655518394,0.8217150760719225,0.6499999999999999,0.4441419217875165,16
2026-07-22,825055,Athletics @ Arizona Diamondbacks,Arizona Diamondbacks,Athletics,Ildemaro Vargas,545121,6,R,Gage Jump,L,0.264,0.31,0.403,.337,.363,.561,4.42,1.42,0.276,,,.273,,,0.25860000000000005,3.5736363636363637,,,,25.0,-9,0,0,0.0,0.0,0,0,1,0.02,0.01,-0.25,0.4505119453924915,0.35095685905337776,0.6916825990860893,0.5858506852843803,0.6499999999999999,0.4081215972818283,17
2026-07-22,825055,Athletics @ Arizona Diamondbacks,Athletics,Arizona Diamondbacks,Tommy White,695720,6,R,Merrill Kelly,R,0.368,0.429,0.421,.333,.385,.417,5.12,1.48,0.279,,,.289,,,0.3356,5.962666666666666,,,,25.0,-4,0,0,0.0,0.0,0,0,0,0.0,0.01,-0.25,0.6279863481228669,0.33140971309040457,0.7698996655518394,0.8570124481327801,0.6499999999999999,0.39737419515807,18
2026-07-22,825055,Athletics @ Arizona Diamondbacks,Athletics,Arizona Diamondbacks,Jeff McNeil,643446,7,R,Merrill Kelly,R,0.238,0.301,0.321,.260,.313,.357,5.12,1.48,0.279,,,.289,,,0.23146666666666674,5.962666666666666,,,,16.1,-4,0,0,0.0,0.0,0,0,0,0.0,0.0,-0.5,0.4061433447098976,0.25718870399415417,0.7698996655518394,0.6841770401106502,0.6499999999999999,0.3128936316806879,19
2026-07-22,825055,Athletics @ Arizona Diamondbacks,Arizona Diamondbacks,Athletics,James McCann,543510,7,R,Gage Jump,L,0.257,0.276,0.419,.233,.258,.267,4.42,1.42,0.276,,,.273,,,0.21073333333333333,3.5736363636363637,,,,25.0,-9,0,0,0.0,0.0,0,0,1,0.02,0.01,-0.5,0.4385665529010239,0.20786520367404912,0.6916825990860893,0.5064039356301616,0.6499999999999999,0.3104316709888633,20
2026-07-22,825055,Athletics @ Arizona Diamondbacks,Arizona Diamondbacks,Athletics,Ryan Waldschmidt,814439,9,R,Gage Jump,L,0.26,0.308,0.374,.294,.351,.412,4.42,1.42,0.276,,,.273,,,0.26599999999999996,3.5736363636363637,,,,25.0,-9,0,0,0.0,0.0,0,0,1,0.02,0.01,-1.0,0.4436860068259386,0.29806743766180116,0.6916825990860893,0.5981328429607287,0.6499999999999999,0.24674156558538632,21
2026-07-22,825055,Athletics @ Arizona Diamondbacks,Arizona Diamondbacks,Athletics,Tim Tawa,694374,8,R,Gage Jump,L,0.217,0.282,0.396,.111,.226,.185,4.42,1.42,0.276,,,.273,,,0.19313333333333338,3.5736363636363637,,,,25.0,-9,0,0,0.0,0.0,0,0,1,0.02,0.01,-0.75,0.3703071672354949,0.1181686369448975,0.6916825990860893,0.4771923173729003,0.6499999999999999,0.23362578656798613,22
2026-07-22,825055,Athletics @ Arizona Diamondbacks,Athletics,Arizona Diamondbacks,Lawrence Butler,671732,8,R,Merrill Kelly,R,0.201,0.298,0.301,.199,.295,.311,5.12,1.48,0.279,,,.289,,,0.19846666666666668,5.962666666666666,,,,28.7,-4,0,0,0.0,0.0,0,0,0,0.0,0.01,-0.75,0.34300341296928333,0.21076005615416393,0.7698996655518394,0.6294052558782849,0.6499999999999999,0.23307070208583552,23
2026-07-22,825055,Athletics @ Arizona Diamondbacks,Athletics,Arizona Diamondbacks,Jonah Heim,641680,9,R,Merrill Kelly,R,0.238,0.291,0.438,.194,.264,.306,5.12,1.48,0.279,,,.289,,,0.23639999999999997,5.962666666666666,,,,25.0,-4,0,0,0.0,0.0,0,0,0,0.0,0.01,-1.0,0.4061433447098976,0.19632858414813376,0.7698996655518394,0.6923651452282157,0.6499999999999999,0.1889068174868176,24
2026-07-22,824735,Baltimore Orioles @ Boston Red Sox,Boston Red Sox,Baltimore Orioles,Masataka Yoshida,807799,1,R,Dean Kremer,R,0.268,0.344,0.397,.266,.340,.393,5.06,1.19,0.25,,,.217,,,0.25880000000000003,4.028333333333333,,,,25.0,3,0,0,0.0,0.0,0,0,0,0.0,0.01,1.0,0.4573378839590444,0.27616073059661334,0.6107229407777771,0.6134680917344997,0.6499999999999999,0.5492772786426614,1
2026-07-22,824735,Baltimore Orioles @ Boston Red Sox,Baltimore Orioles,Boston Red Sox,Taylor Ward,621493,1,R,Jake Bennett,L,0.251,0.387,0.36,.283,.425,.455,2.58,0.94,0.22,,,.236,,,0.25286666666666663,3.3870000000000005,,,,19.2,1,0,0,0.0,0.0,0,0,0,0.0,0.0,1.0,0.4283276450511946,0.3259108182346329,0.37483694694165337,0.5651351042287427,0.6499999999999999,0.5436990542754656,2
2026-07-22,824732,Baltimore Orioles @ Boston Red Sox,Baltimore Orioles,Boston Red Sox,Taylor Ward,621493,1,R,Eduardo Rivera,L,0.251,0.387,0.36,.283,.425,.455,2.89,0.96,0.156,,,.278,,,0.25286666666666663,0.9633333333333334,,,,19.2,1,0,0,0.0,0.0,0,0,0,0.0,0.0,1.0,0.4283276450511946,0.3259108182346329,0.4011459158080453,0.41969571230982006,0.6499999999999999,0.5297758361475448,3
2026-07-22,824735,Baltimore Orioles @ Boston Red Sox,Boston Red Sox,Baltimore Orioles,Ceddanne Rafaela,678882,2,R,Dean Kremer,R,0.283,0.327,0.441,.282,.323,.414,5.06,1.19,0.25,,,.217,,,0.28220000000000006,4.028333333333333,,,,24.2,3,0,0,0.0,0.0,0,0,0,0.0,0.0,0.75,0.4829351535836177,0.2822433851810281,0.6107229407777771,0.6523062660083586,0.6499999999999999,0.5166236684298439,4
2026-07-22,824732,Baltimore Orioles @ Boston Red Sox,Baltimore Orioles,Boston Red Sox,Christian Encarnacion-Strand,687952,5,R,Eduardo Rivera,L,0.5,0.5,1.0,.857,.857,1.714,2.89,0.96,0.156,,,.278,,,0.35833333333333334,0.9633333333333334,,,,25.0,1,0,0,0.0,0.0,0,0,0,0.0,0.01,0.0,0.8532423208191127,1.0,0.4011459158080453,0.5947441217150761,0.6499999999999999,0.514555392999675,5
2026-07-22,824732,Baltimore Orioles @ Boston Red Sox,Boston Red Sox,Baltimore Orioles,Anthony Seigler,678011,1,R,Kyle Bradish,R,0.244,0.317,0.389,.254,.329,.381,3.61,1.35,0.0,,,.245,,,0.2922666666666666,4.041333333333333,,,,25.0,3,0,0,0.0,0.0,0,0,0,0.0,0.01,1.0,0.416382252559727,0.26388062796549777,0.4467196361886312,0.6697945304648272,0.6499999999999999,0.5054552274176878,6
2026-07-22,824732,Baltimore Orioles @ Boston Red Sox,Boston Red Sox,Baltimore Orioles,Ceddanne Rafaela,678882,2,R,Kyle Bradish,R,0.283,0.327,0.441,.282,.323,.414,3.61,1.35,0.0,,,.245,,,0.28220000000000006,4.041333333333333,,,,24.2,3,0,0,0.0,0.0,0,0,0,0.0,0.0,0.75,0.4829351535836177,0.2822433851810281,0.4467196361886312,0.6530863700222271,0.6499999999999999,0.4675396926551804,7
2026-07-22,824735,Baltimore Orioles @ Boston Red Sox,Baltimore Orioles,Boston Red Sox,Pete Alonso,624413,2,R,Jake Bennett,L,0.248,0.348,0.462,.233,.302,.379,2.58,0.94,0.22,,,.236,,,0.24946666666666673,3.3870000000000005,,,,28.1,1,0,0,0.0,0.0,0,0,0,0.0,0.01,0.75,0.4232081911262799,0.2429832804762242,0.37483694694165337,0.5594919507017719,0.6499999999999999,0.46212069680681783,8
2026-07-22,824735,Baltimore Orioles @ Boston Red Sox,Boston Red Sox,Baltimore Orioles,Wilyer Abreu,677800,3,R,Dean Kremer,R,0.264,0.336,0.456,.226,.292,.402,5.06,1.19,0.25,,,.217,,,0.2636,4.028333333333333,,,,23.7,3,0,0,0.0,0.0,0,0,0,0.0,0.0,0.5,0.4505119453924915,0.2398072457304238,0.6107229407777771,0.6214348967137526,0.6499999999999999,0.45138392817300194,9
2026-07-22,824732,Baltimore Orioles @ Boston Red Sox,Baltimore Orioles,Boston Red Sox,Pete Alonso,624413,2,R,Eduardo Rivera,L,0.248,0.348,0.462,.233,.302,.379,2.89,0.96,0.156,,,.278,,,0.24946666666666673,0.9633333333333334,,,,28.1,1,0,0,0.0,0.0,0,0,0,0.0,0.01,0.75,0.4232081911262799,0.2429832804762242,0.4011459158080453,0.4140525587828493,0.6499999999999999,0.44819747867889703,10
2026-07-22,824735,Baltimore Orioles @ Boston Red Sox,Baltimore Orioles,Boston Red Sox,Christian Encarnacion-Strand,687952,7,R,Jake Bennett,L,0.5,0.5,1.0,.857,.857,1.714,2.58,0.94,0.22,,,.236,,,0.35833333333333334,3.3870000000000005,,,,25.0,1,0,0,0.0,0.0,0,0,0,0.0,0.01,-0.5,0.8532423208191127,1.0,0.37483694694165337,0.7401835136339987,0.6499999999999999,0.42847861112759583,11
2026-07-22,824735,Baltimore Orioles @ Boston Red Sox,Baltimore Orioles,Boston Red Sox,Gunnar Henderson,683002,3,R,Jake Bennett,L,0.224,0.292,0.401,.217,.279,.426,2.58,0.94,0.22,,,.236,,,0.22233333333333338,3.3870000000000005,,,,23.8,1,0,0,0.0,0.0,0,0,0,0.0,0.0,0.5,0.3822525597269625,0.2346982372003233,0.37483694694165337,0.5144573725551606,0.6499999999999999,0.4132942492658509,12
2026-07-22,824732,Baltimore Orioles @ Boston Red Sox,Boston Red Sox,Baltimore Orioles,Wilyer Abreu,677800,3,R,Kyle Bradish,R,0.264,0.336,0.456,.226,.292,.402,3.61,1.35,0.0,,,.245,,,0.2636,4.041333333333333,,,,23.7,3,0,0,0.0,0.0,0,0,0,0.0,0.0,0.5,0.4505119453924915,0.2398072457304238,0.4467196361886312,0.6222150007276211,0.6499999999999999,0.4022999523983385,13
2026-07-22,824732,Baltimore Orioles @ Boston Red Sox,Baltimore Orioles,Boston Red Sox,Gunnar Henderson,683002,3,R,Eduardo Rivera,L,0.224,0.292,0.401,.217,.279,.426,2.89,0.96,0.156,,,.278,,,0.22233333333333338,0.9633333333333334,,,,23.8,1,0,0,0.0,0.0,0,0,0,0.0,0.0,0.5,0.3822525597269625,0.2346982372003233,0.4011459158080453,0.369017980636238,0.6499999999999999,0.3993710311379301,14
2026-07-22,824735,Baltimore Orioles @ Boston Red Sox,Boston Red Sox,Baltimore Orioles,Willson Contreras,575929,4,R,Dean Kremer,R,0.292,0.385,0.556,.293,.376,.541,5.06,1.19,0.25,,,.217,,,0.2844,4.028333333333333,,,,30.0,3,0,0,0.0,0.0,0,0,0,0.0,0.03,0.25,0.49829351535836175,0.32893634599654714,0.6107229407777771,0.6559577182905161,0.6499999999999999,0.39884462647604735,15
2026-07-22,824732,Baltimore Orioles @ Boston Red Sox,Boston Red Sox,Baltimore Orioles,Willson Contreras,575929,4,R,Kyle Bradish,R,0.292,0.385,0.556,.293,.376,.541,3.61,1.35,0.0,,,.245,,,0.2844,4.041333333333333,,,,30.0,3,0,0,0.0,0.0,0,0,0,0.0,0.03,0.25,0.49829351535836175,0.32893634599654714,0.4467196361886312,0.6567378223043846,0.6499999999999999,0.34976065070138385,16
2026-07-22,824735,Baltimore Orioles @ Boston Red Sox,Boston Red Sox,Baltimore Orioles,Caleb Durbin,702332,5,R,Dean Kremer,R,0.239,0.301,0.401,.249,.308,.415,5.06,1.19,0.25,,,.217,,,0.23019999999999996,4.028333333333333,,,,15.3,3,0,0,0.0,0.0,0,0,0,0.0,0.0,0.0,0.40784982935153585,0.25980138673794007,0.6107229407777771,0.5659992120664497,0.6499999999999999,0.3480671107277856,17
2026-07-22,824735,Baltimore Orioles @ Boston Red Sox,Baltimore Orioles,Boston Red Sox,Tyler O'Neill,641933,4,R,Jake Bennett,L,0.206,0.296,0.364,.195,.267,.402,2.58,0.94,0.22,,,.236,,,0.1913333333333333,3.3870000000000005,,,,25.0,1,0,0,0.0,0.0,0,0,0,0.0,0.01,0.25,0.3515358361774744,0.21471430005612127,0.37483694694165337,0.46300509039748405,0.6499999999999999,0.3405804226561489,18
2026-07-22,824732,Baltimore Orioles @ Boston Red Sox,Baltimore Orioles,Boston Red Sox,Tyler O'Neill,641933,4,R,Eduardo Rivera,L,0.206,0.296,0.364,.195,.267,.402,2.89,0.96,0.156,,,.278,,,0.1913333333333333,0.9633333333333334,,,,25.0,1,0,0,0.0,0.0,0,0,0,0.0,0.01,0.25,0.3515358361774744,0.21471430005612127,0.4011459158080453,0.3175656984785615,0.6499999999999999,0.3266572045282281,19
2026-07-22,824735,Baltimore Orioles @ Boston Red Sox,Baltimore Orioles,Boston Red Sox,Coby Mayo,691723,5,R,Jake Bennett,L,0.197,0.264,0.403,.280,.352,.720,2.58,0.94,0.22,,,.236,,,0.19286666666666671,3.3870000000000005,,,,25.0,1,0,0,0.0,0.0,0,0,0,0.0,0.01,0.0,0.33617747440273044,0.3449778065972914,0.37483694694165337,0.4655500419880789,0.6499999999999999,0.32352804203003066,20
2026-07-22,824732,Baltimore Orioles @ Boston Red Sox,Boston Red Sox,Baltimore Orioles,Masataka Yoshida,807799,5,R,Kyle Bradish,R,0.268,0.344,0.397,.266,.340,.393,3.61,1.35,0.0,,,.245,,,0.25880000000000003,4.041333333333333,,,,25.0,3,0,0,0.0,0.0,0,0,0,0.0,0.01,0.0,0.4573378839590444,0.27616073059661334,0.4467196361886312,0.6142481957483681,0.6499999999999999,0.3001933028679979,21
2026-07-22,824735,Baltimore Orioles @ Boston Red Sox,Boston Red Sox,Baltimore Orioles,Romy Gonzalez,663853,6,R,Dean Kremer,R,0.189,0.271,0.321,.160,.222,.200,5.06,1.19,0.25,,,.217,,,0.22673333333333334,4.028333333333333,,,,25.0,3,0,0,0.0,0.0,0,0,0,0.0,0.01,-0.25,0.3225255972696246,0.14511292549698573,0.6107229407777771,0.5602454084703226,0.6499999999999999,0.25853192487812793,22
2026-07-22,824735,Baltimore Orioles @ Boston Red Sox,Baltimore Orioles,Boston Red Sox,Colton Cowser,681297,5,R,Jake Bennett,L,0.208,0.3,0.335,.143,.226,.143,2.58,0.94,0.22,,,.236,,,0.21880000000000005,3.3870000000000005,,,,34.0,1,0,0,0.0,0.0,0,0,0,0.0,0.03,0.0,0.35494880546075086,0.12762021220744127,0.37483694694165337,0.508592918889877,0.6499999999999999,0.25564507496783784,23
2026-07-22,824732,Baltimore Orioles @ Boston Red Sox,Boston Red Sox,Baltimore Orioles,Caleb Durbin,702332,6,R,Kyle Bradish,R,0.239,0.301,0.401,.249,.308,.415,3.61,1.35,0.0,,,.245,,,0.23019999999999996,4.041333333333333,,,,15.3,3,0,0,0.0,0.0,0,0,0,0.0,0.0,-0.25,0.40784982935153585,0.25980138673794007,0.4467196361886312,0.5667793160803182,0.6499999999999999,0.24898313495312208,24
2026-07-22,824735,Baltimore Orioles @ Boston Red Sox,Baltimore Orioles,Boston Red Sox,Leody Taveras,665750,6,R,Jake Bennett,L,0.237,0.315,0.357,.188,.281,.235,2.58,0.94,0.22,,,.236,,,0.24013333333333328,3.3870000000000005,,,,25.0,1,0,0,0.0,0.0,0,0,0,0.0,0.01,-0.25,0.4044368600682594,0.18674534613314728,0.37483694694165337,0.5440009410198907,0.6499999999999999,0.24573756176876643,25
2026-07-22,824732,Baltimore Orioles @ Boston Red Sox,Baltimore Orioles,Boston Red Sox,Dylan Beavers,687637,6,R,Eduardo Rivera,L,0.241,0.325,0.362,.182,.208,.182,2.89,0.96,0.156,,,.278,,,0.23180000000000003,0.9633333333333334,,,,25.0,1,0,0,0.0,0.0,0,0,0,0.0,0.01,-0.25,0.4112627986348123,0.14857779540595742,0.4011459158080453,0.38473029045643153,0.6499999999999999,0.22019776716236766,26
2026-07-22,824735,Baltimore Orioles @ Boston Red Sox,Boston Red Sox,Baltimore Orioles,Connor Wong,657136,8,R,Dean Kremer,R,0.27,0.366,0.361,.272,.375,.370,5.06,1.19,0.25,,,.217,,,0.2808666666666666,4.028333333333333,,,,25.0,3,0,0,0.0,0.0,0,0,0,0.0,0.01,-0.75,0.4607508532423209,0.2876269105499718,0.6107229407777771,0.6500932646252325,0.6499999999999999,0.20763759956461092,27
2026-07-22,824735,Baltimore Orioles @ Boston Red Sox,Boston Red Sox,Baltimore Orioles,Jarren Duran,680776,7,R,Dean Kremer,R,0.192,0.254,0.345,.189,.240,.367,5.06,1.19,0.25,,,.217,,,0.19446666666666665,4.028333333333333,,,,35.1,3,0,0,0.0,0.0,0,0,0,0.0,0.05,-0.5,0.3276450511945393,0.1959173026251907,0.6107229407777771,0.5066907749986767,0.6499999999999999,0.1731998241394323,28
2026-07-22,824735,Baltimore Orioles @ Boston Red Sox,Baltimore Orioles,Boston Red Sox,Jackson Holliday,702616,8,R,Jake Bennett,L,0.214,0.327,0.366,.241,.371,.379,2.58,0.94,0.22,,,.236,,,0.2037333333333333,3.3870000000000005,,,,25.0,1,0,0,0.0,0.0,0,0,0,0.0,0.01,-0.75,0.3651877133105802,0.2715140229060274,0.37483694694165337,0.48358600326055456,0.6499999999999999,0.157867490298086,29
2026-07-22,824732,Baltimore Orioles @ Boston Red Sox,Baltimore Orioles,Boston Red Sox,Jackson Holliday,702616,8,R,Eduardo Rivera,L,0.214,0.327,0.366,.241,.371,.379,2.89,0.96,0.156,,,.278,,,0.2037333333333333,0.9633333333333334,,,,25.0,1,0,0,0.0,0.0,0,0,0,0.0,0.01,-0.75,0.3651877133105802,0.2715140229060274,0.4011459158080453,0.338146611341632,0.6499999999999999,0.1439442721701652,30
2026-07-22,824735,Baltimore Orioles @ Boston Red Sox,Baltimore Orioles,Boston Red Sox,Chadwick Tromp,644433,9,R,Jake Bennett,L,0.241,0.233,0.276,.267,.267,.333,2.58,0.94,0.22,,,.236,,,0.36935714285714283,3.3870000000000005,,,,25.0,1,0,0,0.0,0.0,0,0,0,0.0,0.01,-1.0,0.4112627986348123,0.24044358827082374,0.37483694694165337,0.7584802929266283,0.6499999999999999,0.14133402508919618,31
2026-07-22,824735,Baltimore Orioles @ Boston Red Sox,Boston Red Sox,Baltimore Orioles,Tsung-Che Cheng,691907,9,R,Dean Kremer,R,0.256,0.318,0.282,.265,.333,.294,5.06,1.19,0.25,,,.217,,,0.2444285714285714,4.028333333333333,,,,25.0,3,0,0,0.0,0.0,0,0,0,0.0,0.01,-1.0,0.4368600682593857,0.25583948993849703,0.6107229407777771,0.5896150982549501,0.6499999999999999,0.14061901945619987,32
2026-07-22,824732,Baltimore Orioles @ Boston Red Sox,Baltimore Orioles,Boston Red Sox,Chadwick Tromp,644433,9,R,Eduardo Rivera,L,0.241,0.233,0.276,.267,.267,.333,2.89,0.96,0.156,,,.278,,,0.36935714285714283,0.9633333333333334,,,,25.0,1,0,0,0.0,0.0,0,0,0,0.0,0.01,-1.0,0.4112627986348123,0.24044358827082374,0.4011459158080453,0.6130409010077058,0.6499999999999999,0.12741080696127538,33
2026-07-22,824732,Baltimore Orioles @ Boston Red Sox,Boston Red Sox,Baltimore Orioles,Andruw Monasterio,655316,8,R,Kyle Bradish,R,0.239,0.295,0.436,.217,.250,.326,3.61,1.35,0.0,,,.245,,,0.22440000000000002,4.041333333333333,,,,25.0,3,0,0,0.0,0.0,0,0,0,0.0,0.01,-0.75,0.40784982935153585,0.20696965008977758,0.4467196361886312,0.5571527600637208,0.6499999999999999,0.12433121738859183,34
2026-07-22,824732,Baltimore Orioles @ Boston Red Sox,Boston Red Sox,Baltimore Orioles,Jarren Duran,680776,7,R,Kyle Bradish,R,0.192,0.254,0.345,.189,.240,.367,3.61,1.35,0.0,,,.245,,,0.19446666666666665,4.041333333333333,,,,35.1,3,0,0,0.0,0.0,0,0,0,0.0,0.05,-0.5,0.3276450511945393,0.1959173026251907,0.4467196361886312,0.5074708790125451,0.6499999999999999,0.12411584836476879,35
2026-07-22,824732,Baltimore Orioles @ Boston Red Sox,Baltimore Orioles,Boston Red Sox,Johnathan Rodríguez,671286,7,R,Eduardo Rivera,L,0.0,0.273,0.0,.000,.273,.000,2.89,0.96,0.156,,,.278,,,0.0,0.9633333333333334,,,,25.0,1,0,0,0.0,0.0,0,0,0,0.0,0.01,-0.5,0.0,0.04407616361071934,0.4011459158080453,0.0,0.6499999999999999,0.0863628156450934,36
2026-07-22,824735,Baltimore Orioles @ Boston Red Sox,Baltimore Orioles,Boston Red Sox,Dylan Beavers,687637,9,R,Jake Bennett,L,0.241,0.325,0.362,.182,.208,.182,2.58,0.94,0.22,,,.236,,,0.23180000000000003,3.3870000000000005,,,,25.0,1,0,0,0.0,0.0,0,0,0,0.0,0.01,-1.0,0.4112627986348123,0.14857779540595742,0.37483694694165337,0.5301696823753541,0.6499999999999999,0.08412098529028844,37
2026-07-22,824735,Baltimore Orioles @ Boston Red Sox,Baltimore Orioles,Boston Red Sox,Sam Huff,669087,9,R,Jake Bennett,L,0.129,0.156,0.194,.182,.182,.273,2.58,0.94,0.22,,,.236,,,0.19191666666666665,3.3870000000000005,,,,25.0,1,0,0,0.0,0.0,0,0,0,0.0,0.01,-1.0,0.22013651877133109,0.1553376079840293,0.37483694694165337,0.4639732785026016,0.6499999999999999,0.07588147785389354,38
2026-07-22,824732,Baltimore Orioles @ Boston Red Sox,Boston Red Sox,Baltimore Orioles,Carlos Narváez,665966,9,R,Kyle Bradish,R,0.2,0.266,0.294,.181,.254,.276,3.61,1.35,0.0,,,.245,,,0.19760000000000003,4.041333333333333,,,,25.0,3,0,0,0.0,0.0,0,0,0,0.0,0.01,-1.0,0.3412969283276451,0.18072547822380364,0.4467196361886312,0.5126714322628909,0.6499999999999999,0.06109797525197388,39
2026-07-22,824735,Baltimore Orioles @ Boston Red Sox,Baltimore Orioles,Boston Red Sox,Johnathan Rodríguez,671286,9,R,Jake Bennett,L,0.0,0.273,0.0,.000,.273,.000,2.58,0.94,0.22,,,.236,,,0.0,3.3870000000000005,,,,25.0,1,0,0,0.0,0.0,0,0,0,0.0,0.01,-1.0,0.0,0.04407616361071934,0.37483694694165337,0.14543939191892258,0.6499999999999999,0.0002860337730141941,40
2026-07-22,822873,Chicago White Sox @ Texas Rangers,Texas Rangers,Chicago White Sox,Wyatt Langford,694671,1,R,Anthony Kay,L,0.286,0.33,0.518,.271,.306,.542,4.24,1.37,0.252,,,.278,,,0.27426666666666666,4.537333333333334,,,,25.0,-6,0,0,0.0,0.0,0,0,1,0.02,0.01,1.0,0.4880546075085324,0.2928767982251861,0.6569487112672223,0.6696829803217653,0.6499999999999999,0.645756259984728,1
2026-07-22,822873,Chicago White Sox @ Texas Rangers,Texas Rangers,Chicago White Sox,Justin Foscue,679822,2,R,Anthony Kay,L,0.274,0.338,0.513,.313,.397,.641,4.24,1.37,0.252,,,.278,,,0.27920000000000006,4.537333333333334,,,,25.0,-6,0,0,0.0,0.0,0,0,1,0.02,0.01,0.75,0.4675767918088738,0.3643458089277221,0.6569487112672223,0.6778710854393312,0.6499999999999999,0.6148517284279968,2
2026-07-22,822873,Chicago White Sox @ Texas Rangers,Chicago White Sox,Texas Rangers,Sam Antonacci,803011,1,R,Tyler Alexander,L,0.282,0.375,0.414,.197,.290,.213,2.79,1.31,0.27,,,.242,,,0.2886666666666667,2.5873333333333335,,,,25.0,15,0,0,0.0,0.0,0,1,0,-0.03,0.01,1.0,0.4812286689419795,0.19079397577076201,0.523461300678899,0.5765677931792473,0.6499999999999999,0.5162220531232472,3
2026-07-22,822873,Chicago White Sox @ Texas Rangers,Texas Rangers,Chicago White Sox,Jake Burger,669394,3,R,Anthony Kay,L,0.239,0.299,0.422,.250,.322,.500,4.24,1.37,0.252,,,.278,,,0.24306666666666665,4.537333333333334,,,,34.2,-6,0,0,0.0,0.0,0,0,1,0.02,0.03,0.5,0.40784982935153585,0.28014048415685644,0.6569487112672223,0.6178987479566201,0.6499999999999999,0.5148045466128738,4
2026-07-22,822873,Chicago White Sox @ Texas Rangers,Texas Rangers,Chicago White Sox,Brandon Nimmo,607043,4,R,Anthony Kay,L,0.268,0.336,0.433,.323,.365,.510,4.24,1.37,0.252,,,.278,,,0.2607333333333333,4.537333333333334,,,,22.8,-6,0,0,0.0,0.0,0,0,1,0.02,0.0,0.25,0.4573378839590444,0.3353843647189906,0.6569487112672223,0.6472210162830377,0.6499999999999999,0.51301385700237,5
2026-07-22,822873,Chicago White Sox @ Texas Rangers,Chicago White Sox,Texas Rangers,Munetaka Murakami,808959,2,R,Tyler Alexander,L,0.233,0.377,0.529,.182,.337,.394,2.79,1.31,0.27,,,.242,,,0.23573333333333338,2.5873333333333335,,,,25.0,15,0,0,0.0,0.0,0,1,0,-0.03,0.01,0.75,0.3976109215017065,0.23117058061628043,0.523461300678899,0.48871163826915054,0.6499999999999999,0.4631377810981123,6
2026-07-22,822873,Chicago White Sox @ Texas Rangers,Chicago White Sox,Texas Rangers,Miguel Vargas,678246,3,R,Tyler Alexander,L,0.247,0.353,0.492,.280,.398,.589,2.79,1.31,0.27,,,.242,,,0.24453333333333335,2.5873333333333335,,,,20.2,15,0,0,0.0,0.0,0,1,0,-0.03,0.0,0.5,0.42150170648464164,0.33826901333579107,0.523461300678899,0.5033174473977813,0.6499999999999999,0.4521032606472847,7
2026-07-22,822873,Chicago White Sox @ Texas Rangers,Texas Rangers,Chicago White Sox,Ezequiel Duran,677649,5,R,Anthony Kay,L,0.268,0.323,0.433,.282,.366,.408,4.24,1.37,0.252,,,.278,,,0.26993333333333336,4.537333333333334,,,,25.0,-6,0,0,0.0,0.0,0,0,1,0.02,0.01,0.0,0.4573378839590444,0.296355410433944,0.6569487112672223,0.6624907258266064,0.6499999999999999,0.4455470748626436,8
2026-07-22,822873,Chicago White Sox @ Texas Rangers,Chicago White Sox,Texas Rangers,Colson Montgomery,695657,4,R,Tyler Alexander,L,0.222,0.304,0.472,.255,.328,.555,2.79,1.31,0.27,,,.242,,,0.22120000000000004,2.5873333333333335,,,,25.0,15,0,0,0.0,0.0,0,1,0,-0.03,0.01,0.25,0.37883959044368604,0.29450818201717216,0.523461300678899,0.46458992319307857,0.6499999999999999,0.3753539241869246,9
2026-07-22,822873,Chicago White Sox @ Texas Rangers,Texas Rangers,Chicago White Sox,Cam Cauley,695508,6,R,Anthony Kay,L,0.267,0.353,0.4,.211,.286,.316,4.24,1.37,0.252,,,.278,,,0.21414285714285713,4.537333333333334,,,,25.0,-6,0,0,0.0,0.0,0,0,1,0.02,0.01,-0.25,0.4556313993174062,0.21476276840686423,0.6569487112672223,0.5698924250955255,0.6499999999999999,0.3612591692462116,10
2026-07-22,822873,Chicago White Sox @ Texas Rangers,Texas Rangers,Chicago White Sox,Elias Díaz,553869,7,R,Anthony Kay,L,0.26,0.272,0.45,.286,.318,.643,4.24,1.37,0.252,,,.278,,,0.27586666666666665,4.537333333333334,,,,25.0,-6,0,0,0.0,0.0,0,0,1,0.02,0.01,-0.5,0.4436860068259386,0.322662368974989,0.6569487112672223,0.6723385819815163,0.6499999999999999,0.3536009929211414,11
2026-07-22,822873,Chicago White Sox @ Texas Rangers,Chicago White Sox,Texas Rangers,Chase Meidroth,805367,6,R,Tyler Alexander,L,0.269,0.341,0.375,.311,.371,.453,2.79,1.31,0.27,,,.242,,,0.26926666666666677,2.5873333333333335,,,,19.2,15,0,0,0.0,0.0,0,1,0,-0.03,0.0,-0.25,0.45904436860068265,0.32122230762014636,0.523461300678899,0.5443686230547661,0.6499999999999999,0.30399926056692117,12
2026-07-22,822873,Chicago White Sox @ Texas Rangers,Chicago White Sox,Texas Rangers,Braden Montgomery,695731,5,R,Tyler Alexander,L,0.234,0.299,0.403,.206,.243,.265,2.79,1.31,0.27,,,.242,,,0.23380000000000004,2.5873333333333335,,,,25.0,15,0,0,0.0,0.0,0,1,0,-0.03,0.01,0.0,0.39931740614334477,0.18804864280389,0.523461300678899,0.485502786263618,0.6499999999999999,0.3018759688441849,13
2026-07-22,822873,Chicago White Sox @ Texas Rangers,Texas Rangers,Chicago White Sox,Alejandro Osuna,696030,8,R,Anthony Kay,L,0.265,0.359,0.306,.333,.385,.333,4.24,1.37,0.252,,,.278,,,0.25420000000000004,4.537333333333334,,,,25.0,-6,0,0,0.0,0.0,0,0,1,0.02,0.01,-0.75,0.45221843003412976,0.3167072626820032,0.6569487112672223,0.6363773095057211,0.6499999999999999,0.29671802547652565,14
2026-07-22,822873,Chicago White Sox @ Texas Rangers,Texas Rangers,Chicago White Sox,Nicky Lopez,670032,9,R,Anthony Kay,L,0.318,0.348,0.364,.375,.394,.375,4.24,1.37,0.252,,,.278,,,0.3148666666666667,4.537333333333334,,,,25.0,-6,0,0,0.0,0.0,0,0,1,0.02,0.01,-1.0,0.5426621160409557,0.3492856472787778,0.6569487112672223,0.7370688724379479,0.6499999999999999,0.2699663560655533,15
2026-07-22,822873,Chicago White Sox @ Texas Rangers,Chicago White Sox,Texas Rangers,Andrew Benintendi,643217,7,R,Tyler Alexander,L,0.242,0.304,0.425,.176,.222,.206,2.79,1.31,0.27,,,.242,,,0.2421333333333333,2.5873333333333335,,,,28.1,15,0,0,0.0,0.0,0,1,0,-0.03,0.01,-0.5,0.41296928327645055,0.1545645007595295,0.523461300678899,0.4993340449081546,0.6499999999999999,0.19557962212977523,16
2026-07-22,822873,Chicago White Sox @ Texas Rangers,Chicago White Sox,Texas Rangers,Edgar Quero,700337,8,R,Tyler Alexander,L,0.187,0.253,0.233,.125,.209,.232,2.79,1.31,0.27,,,.242,,,0.18759999999999996,2.5873333333333335,,,,25.0,15,0,0,0.0,0.0,0,1,0,-0.03,0.01,-0.75,0.31911262798634815,0.127751874959884,0.523461300678899,0.4088222883383067,0.6499999999999999,0.12529970219438666,17
2026-07-22,822873,Chicago White Sox @ Texas Rangers,Chicago White Sox,Texas Rangers,Tristan Peters,671976,9,R,Tyler Alexander,L,0.289,0.344,0.459,.138,.242,.138,2.79,1.31,0.27,,,.242,,,0.2938666666666666,2.5873333333333335,,,,25.0,15,0,0,0.0,0.0,0,1,0,-0.03,0.01,-1.0,0.4931740614334471,0.1297613777190416,0.523461300678899,0.5851984985734381,0.6499999999999999,0.10225850941944578,18
2026-07-22,823110,Cincinnati Reds @ Seattle Mariners,Seattle Mariners,Cincinnati Reds,Cole Young,702284,1,R,Brady Singer,R,0.248,0.307,0.396,.264,.325,.430,4.53,1.38,0.27,,,.229,,,0.25420000000000004,5.332666666666666,,,,25.0,-2,0,0,0.0,0.0,0,0,0,0.0,0.01,1.0,0.4232081911262799,0.27629749528071323,0.6486379672846461,0.6841036730208565,0.6499999999999999,0.5712813149587005,1
2026-07-22,823110,Cincinnati Reds @ Seattle Mariners,Seattle Mariners,Cincinnati Reds,Julio Rodríguez,677594,2,R,Brady Singer,R,0.258,0.32,0.427,.258,.310,.397,4.53,1.38,0.27,,,.229,,,0.2528666666666667,5.332666666666666,,,,27.5,-2,0,0,0.0,0.0,0,0,0,0.0,0.01,0.75,0.44027303754266217,0.2620818678994689,0.6486379672846461,0.6818906716377306,0.6499999999999999,0.5173954579059206,2
2026-07-22,823110,Cincinnati Reds @ Seattle Mariners,Seattle Mariners,Cincinnati Reds,Dominic Canzone,686527,3,R,Brady Singer,R,0.257,0.333,0.502,.258,.315,.507,4.53,1.38,0.27,,,.229,,,0.2657333333333334,5.332666666666666,,,,25.0,-2,0,0,0.0,0.0,0,0,0,0.0,0.01,0.5,0.4385665529010239,0.28309812331204237,0.6486379672846461,0.7032461349848953,0.6499999999999999,0.47585284126113864,3
2026-07-22,823110,Cincinnati Reds @ Seattle Mariners,Cincinnati Reds,Seattle Mariners,Elly De La Cruz,682829,1,R,Emerson Hancock,R,0.276,0.351,0.503,.259,.335,.440,3.16,1.01,0.209,,,.218,,,0.27580000000000005,3.0540000000000003,,,,27.5,13,0,0,0.0,0.0,0,1,0,-0.03,0.01,1.0,0.47098976109215024,0.27894844251192785,0.412409301152892,0.5832160636632603,0.6499999999999999,0.45594231052333867,4
2026-07-22,823110,Cincinnati Reds @ Seattle Mariners,Seattle Mariners,Cincinnati Reds,Randy Arozarena,668227,4,R,Brady Singer,R,0.281,0.38,0.443,.284,.394,.452,4.53,1.38,0.27,,,.229,,,0.2845333333333333,5.332666666666666,,,,27.6,-2,0,0,0.0,0.0,0,0,0,0.0,0.01,0.25,0.4795221843003414,0.31497992965917454,0.6486379672846461,0.7344494544869697,0.6499999999999999,0.43850379077323287,5
2026-07-22,823110,Cincinnati Reds @ Seattle Mariners,Cincinnati Reds,Seattle Mariners,Sal Stewart,701398,2,R,Emerson Hancock,R,0.249,0.327,0.472,.240,.309,.455,3.16,1.01,0.209,,,.218,,,0.2538666666666667,3.0540000000000003,,,,25.0,13,0,0,0.0,0.0,0,1,0,-0.03,0.01,0.75,0.42491467576791814,0.2624293752766975,0.412409301152892,0.5468121909108398,0.6499999999999999,0.39635196280166796,6
2026-07-22,823110,Cincinnati Reds @ Seattle Mariners,Seattle Mariners,Cincinnati Reds,Josh Naylor,647304,5,R,Brady Singer,R,0.261,0.323,0.359,.248,.314,.356,4.53,1.38,0.27,,,.229,,,0.25253333333333333,5.332666666666666,,,,18.5,-2,0,0,0.0,0.0,0,0,0,0.0,0.0,0.0,0.4453924914675768,0.25106523395648217,0.6486379672846461,0.6813374212919492,0.6499999999999999,0.37455831186830674,7
2026-07-22,823110,Cincinnati Reds @ Seattle Mariners,Cincinnati Reds,Seattle Mariners,JJ Bleday,668709,3,R,Emerson Hancock,R,0.237,0.342,0.481,.242,.350,.495,3.16,1.01,0.209,,,.218,,,0.23886666666666662,3.0540000000000003,,,,26.5,13,0,0,0.0,0.0,0,1,0,-0.03,0.01,0.5,0.4044368600682594,0.2849376988313285,0.412409301152892,0.5219159253506737,0.6499999999999999,0.34824460385630074,8
2026-07-22,823110,Cincinnati Reds @ Seattle Mariners,Cincinnati Reds,Seattle Mariners,Spencer Steer,668715,4,R,Emerson Hancock,R,0.242,0.321,0.427,.211,.280,.367,3.16,1.01,0.209,,,.218,,,0.24246666666666666,3.0540000000000003,,,,25.6,13,0,0,0.0,0.0,0,1,0,-0.03,0.01,0.25,0.41296928327645055,0.2215736003015077,0.412409301152892,0.5278910290851135,0.6499999999999999,0.2832998447840115,9
2026-07-22,823110,Cincinnati Reds @ Seattle Mariners,Cincinnati Reds,Seattle Mariners,Nathaniel Lowe,663993,5,R,Emerson Hancock,R,0.244,0.326,0.474,.262,.345,.513,3.16,1.01,0.209,,,.218,,,0.25093333333333334,3.0540000000000003,,,,21.9,13,0,0,0.0,0.0,0,1,0,-0.03,0.0,0.0,0.416382252559727,0.2968269276661296,0.412409301152892,0.5419435878679628,0.6499999999999999,0.2642210604425944,10
2026-07-22,823110,Cincinnati Reds @ Seattle Mariners,Seattle Mariners,Cincinnati Reds,Luke Raley,670042,7,R,Brady Singer,R,0.23,0.286,0.452,.237,.294,.478,4.53,1.38,0.27,,,.229,,,0.2304,5.332666666666666,,,,25.0,-2,0,0,0.0,0.0,0,0,0,0.0,0.01,-0.5,0.3924914675767919,0.2595906440448114,0.6486379672846461,0.6446015983320598,0.6499999999999999,0.26117929094640563,11
2026-07-22,823110,Cincinnati Reds @ Seattle Mariners,Seattle Mariners,Cincinnati Reds,Cal Raleigh,663728,6,R,Brady Singer,R,0.163,0.269,0.304,.172,.279,.339,4.53,1.38,0.27,,,.229,,,0.16513333333333333,5.332666666666666,,,,30.2,-2,0,0,0.0,0.0,0,0,0,0.0,0.03,-0.25,0.27815699658703075,0.19584176112097668,0.6486379672846461,0.5362751806280488,0.6499999999999999,0.2589931075598453,12
2026-07-22,823110,Cincinnati Reds @ Seattle Mariners,Seattle Mariners,Cincinnati Reds,Weston Wilson,642215,8,R,Brady Singer,R,0.462,0.462,0.923,.179,.303,.321,4.53,1.38,0.27,,,.229,,,0.21786666666666668,5.332666666666666,,,,25.0,-2,0,0,0.0,0.0,0,0,0,0.0,0.01,-0.75,0.7883959044368601,0.20482947204882057,0.6486379672846461,0.6237993853306767,0.6499999999999999,0.19436866599720043,13
2026-07-22,823110,Cincinnati Reds @ Seattle Mariners,Cincinnati Reds,Seattle Mariners,Tyler Stephenson,663886,6,R,Emerson Hancock,R,0.244,0.32,0.393,.258,.316,.432,3.16,1.01,0.209,,,.218,,,0.23446666666666663,3.0540000000000003,,,,25.5,13,0,0,0.0,0.0,0,1,0,-0.03,0.01,-0.25,0.416382252559727,0.270323544756284,0.412409301152892,0.5146130207863584,0.6499999999999999,0.19349562965289233,14
2026-07-22,823110,Cincinnati Reds @ Seattle Mariners,Cincinnati Reds,Seattle Mariners,Dane Myers,667472,7,R,Emerson Hancock,R,0.267,0.37,0.389,.286,.392,.349,3.16,1.01,0.209,,,.218,,,0.25786666666666663,3.0540000000000003,,,,25.0,13,0,0,0.0,0.0,0,1,0,-0.03,0.01,-0.5,0.4556313993174062,0.29729688140313,0.412409301152892,0.5534511950602173,0.6499999999999999,0.15606468995568265,15
2026-07-22,823110,Cincinnati Reds @ Seattle Mariners,Seattle Mariners,Cincinnati Reds,Colt Emerson,806068,9,R,Brady Singer,R,0.189,0.254,0.36,.200,.258,.367,4.53,1.38,0.27,,,.229,,,0.20326666666666668,5.332666666666666,,,,25.0,-2,0,0,0.0,0.0,0,0,0,0.0,0.01,-1.0,0.3225255972696246,0.2080402328455777,0.6486379672846461,0.5995670201854484,0.6499999999999999,0.1415365014246055,16
2026-07-22,823110,Cincinnati Reds @ Seattle Mariners,Cincinnati Reds,Seattle Mariners,Edwin Arroyo,695490,8,R,Emerson Hancock,R,0.254,0.301,0.298,.238,.304,.262,3.16,1.01,0.209,,,.218,,,0.24486666666666665,3.0540000000000003,,,,25.0,13,0,0,0.0,0.0,0,1,0,-0.03,0.01,-0.75,0.4334470989761092,0.2258355235980797,0.412409301152892,0.5318744315747401,0.6499999999999999,0.08496283598159848,17
2026-07-22,823110,Cincinnati Reds @ Seattle Mariners,Cincinnati Reds,Seattle Mariners,Ke'Bryan Hayes,663647,9,R,Emerson Hancock,R,0.146,0.199,0.219,.117,.165,.175,3.16,1.01,0.209,,,.218,,,0.1431333333333333,3.0540000000000003,,,,25.0,13,0,0,0.0,0.0,0,1,0,-0.03,0.01,-1.0,0.24914675767918087,0.09805970247509518,0.412409301152892,0.36302242604223667,0.6499999999999999,0.0,18
2026-07-22,824650,Detroit Tigers @ Chicago Cubs,Detroit Tigers,Chicago Cubs,Kevin McGonigle,805808,1,R,Colin Rea,R,0.282,0.391,0.425,.286,.407,.452,4.74,1.42,0.27,,,.228,,,0.28353333333333336,4.759333333333333,,,,25.0,18,0,0,0.0,0.0,0,1,0,-0.03,0.01,1.0,0.4812286689419795,0.3206140257038609,0.6729762290070845,0.6983851161713217,0.6499999999999999,0.5618041425537887,1
2026-07-22,824650,Detroit Tigers @ Chicago Cubs,Detroit Tigers,Chicago Cubs,Dillon Dingler,693307,2,R,Colin Rea,R,0.271,0.336,0.536,.283,.348,.579,4.74,1.42,0.27,,,.228,,,0.26466666666666666,4.759333333333333,,,,21.2,18,0,0,0.0,0.0,0,1,0,-0.03,0.0,0.75,0.4624573378839591,0.3204635187199747,0.6729762290070845,0.6670711466000907,0.6499999999999999,0.5170694203721325,2
2026-07-22,824650,Detroit Tigers @ Chicago Cubs,Chicago Cubs,Detroit Tigers,Pete Crow-Armstrong,691718,1,R,Keider Montero,R,0.285,0.384,0.521,.282,.371,.549,3.22,0.98,0.209,,,.218,,,0.28906666666666664,3.530666666666667,,,,28.3,6,0,0,0.0,0.0,0,0,0,0.0,0.01,1.0,0.48634812286689416,0.3227975701639037,0.4080893457459801,0.633839241267208,0.6499999999999999,0.5032020824548511,3
2026-07-22,824650,Detroit Tigers @ Chicago Cubs,Detroit Tigers,Chicago Cubs,Colt Keith,690993,3,R,Colin Rea,R,0.255,0.3,0.399,.265,.311,.420,4.74,1.42,0.27,,,.228,,,0.25053333333333333,4.759333333333333,,,,21.2,18,0,0,0.0,0.0,0,1,0,-0.03,0.0,0.5,0.4351535836177475,0.2701357607556126,0.6729762290070845,0.6436133319389565,0.6499999999999999,0.45096880868187206,4
2026-07-22,824650,Detroit Tigers @ Chicago Cubs,Chicago Cubs,Detroit Tigers,Seiya Suzuki,673548,2,R,Keider Montero,R,0.27,0.36,0.472,.254,.340,.449,3.22,0.98,0.209,,,.218,,,0.2684000000000001,3.530666666666667,,,,25.6,6,0,0,0.0,0.0,0,0,0,0.0,0.01,0.75,0.4607508532423209,0.2796613140271851,0.4080893457459801,0.5995377198287574,0.6499999999999999,0.4372727902049039,5
2026-07-22,824650,Detroit Tigers @ Chicago Cubs,Detroit Tigers,Chicago Cubs,Riley Greene,682985,4,R,Colin Rea,R,0.285,0.376,0.471,.308,.383,.520,4.74,1.42,0.27,,,.228,,,0.28786666666666666,4.759333333333333,,,,30.7,18,0,0,0.0,0.0,0,1,0,-0.03,0.03,0.25,0.48634812286689416,0.3356053112754336,0.6729762290070845,0.7055773706664806,0.6499999999999999,0.3966308021209558,6
2026-07-22,824650,Detroit Tigers @ Chicago Cubs,Chicago Cubs,Detroit Tigers,Michael Busch,683737,3,R,Keider Montero,R,0.244,0.368,0.407,.236,.362,.407,3.22,0.98,0.209,,,.218,,,0.23666666666666666,3.530666666666667,,,,25.5,6,0,0,0.0,0.0,0,0,0,0.0,0.01,0.5,0.416382252559727,0.27061591835592724,0.4080893457459801,0.5468682869103617,0.6499999999999999,0.37711102634933014,7
2026-07-22,824650,Detroit Tigers @ Chicago Cubs,Chicago Cubs,Detroit Tigers,Alex Bregman,608324,4,R,Keider Montero,R,0.241,0.337,0.362,.241,.322,.373,3.22,0.98,0.209,,,.218,,,0.23953333333333332,3.530666666666667,,,,16.5,6,0,0,0.0,0.0,0,0,0,0.0,0.0,0.25,0.4112627986348123,0.25318599174145384,0.4080893457459801,0.5516262398840822,0.6499999999999999,0.33346723764176983,8
2026-07-22,824650,Detroit Tigers @ Chicago Cubs,Detroit Tigers,Chicago Cubs,Spencer Torkelson,679529,5,R,Colin Rea,R,0.205,0.299,0.415,.191,.278,.414,4.74,1.42,0.27,,,.228,,,0.2108,4.759333333333333,,,,31.4,18,0,0,0.0,0.0,0,1,0,-0.03,0.03,0.0,0.34982935153583616,0.21859300245386454,0.6729762290070845,0.5776658907218057,0.6499999999999999,0.29819100292386236,9
2026-07-22,824650,Detroit Tigers @ Chicago Cubs,Detroit Tigers,Chicago Cubs,Kerry Carpenter,681481,6,R,Colin Rea,R,0.206,0.279,0.427,.214,.283,.454,4.74,1.42,0.27,,,.228,,,0.22540000000000002,4.759333333333333,,,,29.5,18,0,0,0.0,0.0,0,1,0,-0.03,0.01,-0.25,0.3515358361774744,0.23943422869490943,0.6729762290070845,0.601898255867034,0.6499999999999999,0.2770361642559078,10
2026-07-22,824650,Detroit Tigers @ Chicago Cubs,Chicago Cubs,Detroit Tigers,Ian Happ,664023,5,R,Keider Montero,R,0.218,0.332,0.429,.240,.365,.476,3.22,0.98,0.209,,,.218,,,0.21939999999999998,3.530666666666667,,,,31.8,6,0,0,0.0,0.0,0,0,0,0.0,0.03,0.0,0.37201365187713314,0.2858511091764001,0.4080893457459801,0.5182099189988817,0.6499999999999999,0.2566210688677263,11
2026-07-22,824650,Detroit Tigers @ Chicago Cubs,Chicago Cubs,Detroit Tigers,Nico Hoerner,663538,6,R,Keider Montero,R,0.247,0.314,0.34,.227,.303,.304,3.22,0.98,0.209,,,.218,,,0.24053333333333332,3.530666666666667,,,,11.2,6,0,0,0.0,0.0,0,0,0,0.0,0.0,-0.25,0.42150170648464164,0.22705817683295126,0.4080893457459801,0.5532859909214266,0.6499999999999999,0.22718424657024583,12
2026-07-22,824650,Detroit Tigers @ Chicago Cubs,Detroit Tigers,Chicago Cubs,Zach McKinstry,656716,7,R,Colin Rea,R,0.4,0.625,0.4,.213,.279,.335,4.74,1.42,0.27,,,.228,,,0.1968666666666667,4.759333333333333,,,,17.1,18,0,0,0.0,0.0,0,1,0,-0.03,0.0,-0.5,0.6825938566552902,0.21667023253287868,0.6729762290070845,0.5545400262681406,0.6499999999999999,0.2242414307755661,13
2026-07-22,824650,Detroit Tigers @ Chicago Cubs,Detroit Tigers,Chicago Cubs,Hao-Yu Lee,701678,8,R,Colin Rea,R,0.256,0.287,0.384,.244,.277,.344,4.74,1.42,0.27,,,.228,,,0.25413333333333327,4.759333333333333,,,,25.0,18,0,0,0.0,0.0,0,1,0,-0.03,0.01,-0.75,0.4368600682593857,0.23381798941102314,0.6729762290070845,0.6495884356733963,0.6499999999999999,0.18278563140589058,14
2026-07-22,824650,Detroit Tigers @ Chicago Cubs,Chicago Cubs,Detroit Tigers,Michael Conforto,624424,7,R,Keider Montero,R,0.243,0.331,0.493,.231,.319,.448,3.22,0.98,0.209,,,.218,,,0.24186666666666665,3.530666666666667,,,,25.0,6,0,0,0.0,0.0,0,0,0,0.0,0.01,-0.5,0.41467576791808874,0.26000447653358305,0.4080893457459801,0.5554989923045525,0.6499999999999999,0.17575277170287262,15
2026-07-22,824650,Detroit Tigers @ Chicago Cubs,Chicago Cubs,Detroit Tigers,Carson Kelly,608348,8,R,Keider Montero,R,0.268,0.362,0.39,.235,.325,.302,3.22,0.98,0.209,,,.218,,,0.27546666666666664,3.530666666666667,,,,20.3,6,0,0,0.0,0.0,0,0,0,0.0,0.0,-0.75,0.4573378839590444,0.23866622340206678,0.4080893457459801,0.6112666271593242,0.6499999999999999,0.13878335364820932,16
2026-07-22,824650,Detroit Tigers @ Chicago Cubs,Detroit Tigers,Chicago Cubs,James Outman,681546,9,R,Colin Rea,R,0.152,0.215,0.275,.121,.171,.216,4.74,1.42,0.27,,,.228,,,0.15739999999999998,4.759333333333333,,,,25.0,18,0,0,0.0,0.0,0,1,0,-0.03,0.01,-1.0,0.25938566552901027,0.10945190441942487,0.6729762290070845,0.4890351853276149,0.6499999999999999,0.0776111226061238,17
2026-07-22,824650,Detroit Tigers @ Chicago Cubs,Chicago Cubs,Detroit Tigers,Dansby Swanson,621020,9,R,Keider Montero,R,0.215,0.296,0.414,.212,.312,.407,3.22,0.98,0.209,,,.218,,,0.20993333333333333,3.530666666666667,,,,30.2,6,0,0,0.0,0.0,0,0,0,0.0,0.03,-1.0,0.36689419795221845,0.24038335256158117,0.4080893457459801,0.5024976091786881,0.6499999999999999,0.04289728324099251,18
2026-07-22,823438,Los Angeles Dodgers @ Philadelphia Phillies,Los Angeles Dodgers,Philadelphia Phillies,Shohei Ohtani,660271,1,R,Aaron Nola,R,0.286,0.393,0.529,.293,.417,.523,5.57,1.42,0.0,,,.289,,,0.28986666666666666,5.689333333333332,,,,29.9,-7,0,0,0.0,0.0,0,0,1,0.02,0.01,1.0,0.4880546075085324,0.3402428025733485,0.6333333333333333,0.7647043137333018,0.6499999999999999,0.6147663477033323,1
2026-07-22,823438,Los Angeles Dodgers @ Philadelphia Phillies,Los Angeles Dodgers,Philadelphia Phillies,Andy Pages,681624,2,R,Aaron Nola,R,0.268,0.334,0.461,.269,.326,.451,5.57,1.42,0.0,,,.289,,,0.2676666666666667,5.689333333333332,,,,22.8,-7,0,0,0.0,0.0,0,0,1,0.02,0.0,0.75,0.4573378839590444,0.2829511547646282,0.6333333333333333,0.7278578407042562,0.6499999999999999,0.5549164647967955,2
2026-07-22,823438,Los Angeles Dodgers @ Philadelphia Phillies,Philadelphia Phillies,Los Angeles Dodgers,Trea Turner,607208,1,R,Eric Lauer,L,0.246,0.295,0.393,.220,.299,.333,4.96,1.29,0.0,,,.242,,,0.24013333333333337,5.822666666666667,,,,28.1,14,0,0,0.0,0.0,0,1,0,-0.03,0.01,1.0,0.41979522184300344,0.22704797296963694,0.5178949564730035,0.690160428951615,0.6499999999999999,0.5406545445270525,3
2026-07-22,823438,Los Angeles Dodgers @ Philadelphia Phillies,Los Angeles Dodgers,Philadelphia Phillies,Freddie Freeman,518692,3,R,Aaron Nola,R,0.283,0.367,0.471,.310,.393,.518,5.57,1.42,0.0,,,.289,,,0.29006666666666675,5.689333333333332,,,,22.0,-7,0,0,0.0,0.0,0,0,1,0.02,0.0,0.5,0.4829351535836177,0.3398315210504055,0.6333333333333333,0.7650362639407708,0.6499999999999999,0.5247133198537169,4
2026-07-22,823438,Los Angeles Dodgers @ Philadelphia Phillies,Philadelphia Phillies,Los Angeles Dodgers,Kyle Schwarber,656941,2,R,Eric Lauer,L,0.25,0.365,0.552,.275,.383,.577,4.96,1.29,0.0,,,.242,,,0.2529333333333333,5.822666666666667,,,,35.3,14,0,0,0.0,0.0,0,1,0,-0.03,0.05,0.75,0.42662116040955633,0.32825408607123285,0.5178949564730035,0.7114052422296232,0.6499999999999999,0.47914279479415267,5
2026-07-22,823438,Los Angeles Dodgers @ Philadelphia Phillies,Los Angeles Dodgers,Philadelphia Phillies,Max Muncy,571970,4,R,Aaron Nola,R,0.262,0.358,0.505,.263,.363,.500,5.57,1.42,0.0,,,.289,,,0.26366666666666666,5.689333333333332,,,,26.7,-7,0,0,0.0,0.0,0,0,1,0.02,0.01,0.25,0.44709897610921506,0.3014236035107873,0.6333333333333333,0.7212188365548785,0.6499999999999999,0.4485387263609286,6
2026-07-22,823438,Los Angeles Dodgers @ Philadelphia Phillies,Philadelphia Phillies,Los Angeles Dodgers,Bryce Harper,547180,3,R,Eric Lauer,L,0.258,0.363,0.496,.216,.323,.324,4.96,1.29,0.0,,,.242,,,0.2625333333333334,5.822666666666667,,,,30.6,14,0,0,0.0,0.0,0,1,0,-0.03,0.03,0.5,0.44027303754266217,0.2318349837807947,0.5178949564730035,0.7273388521881297,0.6499999999999999,0.42742806071531914,7
2026-07-22,823438,Los Angeles Dodgers @ Philadelphia Phillies,Philadelphia Phillies,Los Angeles Dodgers,Alec Bohm,664761,4,R,Eric Lauer,L,0.224,0.283,0.374,.224,.264,.414,4.96,1.29,0.0,,,.242,,,0.2198666666666667,5.822666666666667,,,,17.3,14,0,0,0.0,0.0,0,1,0,-0.03,0.0,0.25,0.3822525597269625,0.2309843601107942,0.5178949564730035,0.6565228079281018,0.6499999999999999,0.3965929981588149,8
2026-07-22,823438,Los Angeles Dodgers @ Philadelphia Phillies,Los Angeles Dodgers,Philadelphia Phillies,Mookie Betts,605141,5,R,Aaron Nola,R,0.233,0.295,0.424,.251,.306,.469,5.57,1.42,0.0,,,.289,,,0.23693333333333336,5.689333333333332,,,,13.1,-7,0,0,0.0,0.0,0,0,1,0.02,0.0,0.0,0.3976109215017065,0.26959791841188385,0.6333333333333333,0.6768481588232049,0.6499999999999999,0.3939267034264517,9
2026-07-22,823438,Los Angeles Dodgers @ Philadelphia Phillies,Philadelphia Phillies,Los Angeles Dodgers,Edmundo Sosa,624641,5,R,Eric Lauer,L,0.217,0.254,0.357,.247,.305,.400,4.96,1.29,0.0,,,.242,,,0.2254666666666667,5.822666666666667,,,,25.0,14,0,0,0.0,0.0,0,1,0,-0.03,0.01,0.0,0.3703071672354949,0.2550679462091825,0.5178949564730035,0.6658174137372306,0.6499999999999999,0.34400808555478124,10
2026-07-22,823438,Los Angeles Dodgers @ Philadelphia Phillies,Los Angeles Dodgers,Philadelphia Phillies,Kyle Tucker,663656,6,R,Aaron Nola,R,0.238,0.332,0.362,.235,.332,.354,5.57,1.42,0.0,,,.289,,,0.24519999999999995,5.689333333333332,,,,23.2,-7,0,0,0.0,0.0,0,0,1,0.02,0.0,-0.25,0.4061433447098976,0.25023600548375363,0.6333333333333333,0.6905687673985852,0.6499999999999999,0.3411443164807262,11
2026-07-22,823438,Los Angeles Dodgers @ Philadelphia Phillies,Philadelphia Phillies,Los Angeles Dodgers,Derek Hill,656537,6,R,Eric Lauer,L,0.25,0.309,0.443,.241,.292,.458,4.96,1.29,0.0,,,.242,,,0.24873333333333333,5.822666666666667,,,,25.0,14,0,0,0.0,0.0,0,1,0,-0.03,0.01,-0.25,0.42662116040955633,0.25748519205481124,0.5178949564730035,0.7044342878727767,0.6499999999999999,0.3004049281365204,12
2026-07-22,823438,Los Angeles Dodgers @ Philadelphia Phillies,Los Angeles Dodgers,Philadelphia Phillies,Tommy Edman,669242,8,R,Aaron Nola,R,0.341,0.426,0.5,.339,.400,.475,5.57,1.42,0.0,,,.289,,,0.3496,5.689333333333332,,,,25.0,-7,0,0,0.0,0.0,0,0,1,0.02,0.01,-0.75,0.5819112627986349,0.35000106975986356,0.6333333333333333,0.8638467756973405,0.6499999999999999,0.2820772837945669,13
2026-07-22,823438,Los Angeles Dodgers @ Philadelphia Phillies,Los Angeles Dodgers,Philadelphia Phillies,Teoscar Hernández,606192,7,R,Aaron Nola,R,0.241,0.312,0.38,.244,.301,.386,5.57,1.42,0.0,,,.289,,,0.2527333333333333,5.689333333333332,,,,31.7,-7,0,0,0.0,0.0,0,0,1,0.02,0.03,-0.5,0.4112627986348123,0.24963183802848193,0.6333333333333333,0.7030722252132464,0.6499999999999999,0.2628687932891074,14
2026-07-22,823438,Los Angeles Dodgers @ Philadelphia Phillies,Philadelphia Phillies,Los Angeles Dodgers,Bryson Stott,681082,8,R,Eric Lauer,L,0.251,0.308,0.395,.292,.370,.389,4.96,1.29,0.0,,,.242,,,0.2475333333333333,5.822666666666667,,,,19.0,14,0,0,0.0,0.0,0,1,0,-0.03,0.0,-0.75,0.4283276450511946,0.2996911685563015,0.5178949564730035,0.7024425866279634,0.6499999999999999,0.2206576670751709,15
2026-07-22,823438,Los Angeles Dodgers @ Philadelphia Phillies,Philadelphia Phillies,Los Angeles Dodgers,Bryan De La Cruz,650559,7,R,Eric Lauer,L,0.0,1.0,0.0,,,,4.96,1.29,0.0,,,.242,,,0.0,5.822666666666667,,,,25.0,14,0,0,0.0,0.0,0,1,0,-0.03,0.01,-0.5,0.0,0.2632463426556048,0.5178949564730035,0.2915988798506468,0.6499999999999999,0.18991990458339927,16
2026-07-22,823438,Los Angeles Dodgers @ Philadelphia Phillies,Los Angeles Dodgers,Philadelphia Phillies,Dalton Rushing,687221,9,R,Aaron Nola,R,0.242,0.335,0.453,.237,.331,.468,5.57,1.42,0.0,,,.289,,,0.2544,5.689333333333332,,,,25.0,-7,0,0,0.0,0.0,0,0,1,0.02,0.01,-1.0,0.41296928327645055,0.27088689675829847,0.6333333333333333,0.7058384769421537,0.6499999999999999,0.18859749573089765,17
2026-07-22,823438,Los Angeles Dodgers @ Philadelphia Phillies,Philadelphia Phillies,Los Angeles Dodgers,Rafael Marchán,665561,9,R,Eric Lauer,L,0.106,0.146,0.176,.115,.148,.231,4.96,1.29,0.0,,,.242,,,0.101,5.822666666666667,,,,25.0,14,0,0,0.0,0.0,0,1,0,-0.03,0.01,-1.0,0.18088737201365188,0.10081680280046676,0.5178949564730035,0.459233734622431,0.6499999999999999,0.07445774783538238,18
2026-07-22,824166,Miami Marlins @ Houston Astros,Houston Astros,Miami Marlins,Jeremy Peña,665161,1,R,Sandy Alcantara,R,0.293,0.355,0.452,.293,.355,.457,3.89,1.22,0.25,,,.255,,,0.2906,4.038666666666667,,,,27.7,-5,0,0,0.0,0.0,0,0,1,0.02,0.01,1.0,0.5,0.30682910010154485,0.5719429455294996,0.6668682573997418,0.6499999999999999,0.5733203972941973,1
2026-07-22,824166,Miami Marlins @ Houston Astros,Houston Astros,Miami Marlins,Yordan Alvarez,670541,2,R,Sandy Alcantara,R,0.326,0.432,0.649,.346,.465,.695,3.89,1.22,0.25,,,.255,,,0.3185333333333333,4.038666666666667,,,,25.0,-5,0,0,0.0,0.0,0,0,1,0.02,0.01,0.75,0.5563139931740615,0.41510270517582737,0.5719429455294996,0.7132306363762286,0.6499999999999999,0.557343155409241,2
2026-07-22,824166,Miami Marlins @ Houston Astros,Miami Marlins,Houston Astros,Otto Lopez,672640,1,R,Peter Lambert,R,0.332,0.368,0.501,.308,.354,.468,3.03,1.11,0.197,,,.258,,,0.3383333333333333,3.304666666666667,,,,20.6,4,0,0,0.0,0.0,0,0,0,0.0,0.0,1.0,0.5665529010238909,0.3162781243982601,0.45782669909943263,0.70204783413261,0.6499999999999999,0.5367247159492862,3
2026-07-22,824166,Miami Marlins @ Houston Astros,Houston Astros,Miami Marlins,Isaac Paredes,670623,3,R,Sandy Alcantara,R,0.26,0.352,0.429,.253,.348,.442,3.89,1.22,0.25,,,.255,,,0.2534,4.038666666666667,,,,16.5,-5,0,0,0.0,0.0,0,0,1,0.02,0.0,0.5,0.4436860068259386,0.2807318967829852,0.5719429455294996,0.6051255188105302,0.6499999999999999,0.46753468567617573,4
2026-07-22,824166,Miami Marlins @ Houston Astros,Miami Marlins,Houston Astros,Kyle Stowers,669065,2,R,Peter Lambert,R,0.233,0.316,0.438,.251,.337,.480,3.03,1.11,0.197,,,.258,,,0.2374,3.304666666666667,,,,35.9,4,0,0,0.0,0.0,0,0,0,0.0,0.05,0.75,0.3976109215017065,0.28245412787415675,0.45782669909943263,0.5345236294299821,0.6499999999999999,0.40314008611286634,5
2026-07-22,824166,Miami Marlins @ Houston Astros,Miami Marlins,Houston Astros,Heriberto Hernández,681715,3,R,Peter Lambert,R,0.241,0.316,0.469,.229,.299,.407,3.03,1.11,0.197,,,.258,,,0.23313333333333336,3.304666666666667,,,,25.0,4,0,0,0.0,0.0,0,0,0,0.0,0.01,0.5,0.4112627986348123,0.24472591929402432,0.45782669909943263,0.5274420250039793,0.6499999999999999,0.3826457933039328,6
2026-07-22,824166,Miami Marlins @ Houston Astros,Houston Astros,Miami Marlins,LaMonte Wade Jr.,664774,4,R,Sandy Alcantara,R,0.186,0.327,0.372,.162,.311,.351,3.89,1.22,0.25,,,.255,,,0.22966666666666666,4.038666666666667,,,,25.0,-5,0,0,0.0,0.0,0,0,1,0.02,0.01,0.25,0.3174061433447099,0.20397473391780624,0.5719429455294996,0.5657340941908897,0.6499999999999999,0.382436681266935,7
2026-07-22,824166,Miami Marlins @ Houston Astros,Miami Marlins,Houston Astros,Xavier Edwards,669364,4,R,Peter Lambert,R,0.293,0.375,0.409,.296,.382,.401,3.03,1.11,0.197,,,.258,,,0.3000666666666667,3.304666666666667,,,,16.1,4,0,0,0.0,0.0,0,0,0,0.0,0.0,0.25,0.5,0.3081231803796166,0.45782669909943263,0.6385346944368977,0.6499999999999999,0.37515900899026866,8
2026-07-22,824166,Miami Marlins @ Houston Astros,Houston Astros,Miami Marlins,Yainer Diaz,673237,5,R,Sandy Alcantara,R,0.242,0.267,0.393,.244,.269,.433,3.89,1.22,0.25,,,.255,,,0.24293333333333333,4.038666666666667,,,,25.0,-5,0,0,0.0,0.0,0,0,1,0.02,0.01,0.0,0.41296928327645055,0.24657471120598146,0.5719429455294996,0.5877534579529922,0.6499999999999999,0.34638958015329413,9
2026-07-22,824166,Miami Marlins @ Houston Astros,Miami Marlins,Houston Astros,Liam Hicks,689414,5,R,Peter Lambert,R,0.285,0.359,0.453,.303,.377,.502,3.03,1.11,0.197,,,.258,,,0.2862666666666667,3.304666666666667,,,,10.8,4,0,0,0.0,0.0,0,0,0,0.0,0.0,0.0,0.48634812286689416,0.3277136927616756,0.45782669909943263,0.6156301301215451,0.6499999999999999,0.32662095243848044,10
2026-07-22,824166,Miami Marlins @ Houston Astros,Houston Astros,Miami Marlins,Christian Walker,572233,6,R,Sandy Alcantara,R,0.234,0.31,0.454,.243,.305,.466,3.89,1.22,0.25,,,.255,,,0.2378,4.038666666666667,,,,29.4,-5,0,0,0.0,0.0,0,0,1,0.02,0.01,-0.25,0.39931740614334477,0.26451952147172625,0.5719429455294996,0.5792334026279575,0.6499999999999999,0.29959777442097507,11
2026-07-22,824166,Miami Marlins @ Houston Astros,Miami Marlins,Houston Astros,Griffin Conine,665052,6,R,Peter Lambert,R,0.277,0.358,0.553,.296,.380,.617,3.03,1.11,0.197,,,.258,,,0.25806666666666667,3.304666666666667,,,,25.0,4,0,0,0.0,0.0,0,0,0,0.0,0.01,-0.25,0.4726962457337885,0.3452242628120202,0.45782669909943263,0.568825150868433,0.6499999999999999,0.26397784806309976,12
2026-07-22,824166,Miami Marlins @ Houston Astros,Houston Astros,Miami Marlins,Lucas Spence,828599,7,R,Sandy Alcantara,R,0.235,0.316,0.294,.100,.250,.200,3.89,1.22,0.25,,,.255,,,0.2968,4.038666666666667,,,,25.0,-5,0,0,0.0,0.0,0,0,1,0.02,0.01,-0.5,0.40102389078498296,0.12348073527064103,0.5719429455294996,0.6771587138312771,0.6499999999999999,0.22902687455120166,13
2026-07-22,824166,Miami Marlins @ Houston Astros,Miami Marlins,Houston Astros,Javier Sanoja,691594,7,R,Peter Lambert,R,0.273,0.357,0.455,.256,.296,.363,3.03,1.11,0.197,,,.258,,,0.2751333333333334,3.304666666666667,,,,12.2,4,0,0,0.0,0.0,0,0,0,0.0,0.0,-0.5,0.46587030716723554,0.2501441707139248,0.45782669909943263,0.5971515685724442,0.6499999999999999,0.20445678769417763,14
2026-07-22,824166,Miami Marlins @ Houston Astros,Houston Astros,Miami Marlins,Nick Allen,669397,8,R,Sandy Alcantara,R,0.239,0.287,0.304,.209,.260,.224,3.89,1.22,0.25,,,.255,,,0.24319999999999997,4.038666666666667,,,,25.0,-5,0,0,0.0,0.0,0,0,1,0.02,0.01,-0.75,0.40784982935153585,0.188442067566033,0.5719429455294996,0.5881960582296173,0.6499999999999999,0.18192280928480067,15
2026-07-22,824166,Miami Marlins @ Houston Astros,Miami Marlins,Houston Astros,Joe Mack,691788,8,R,Peter Lambert,R,0.243,0.301,0.438,.256,.317,.474,3.03,1.11,0.197,,,.258,,,0.24553333333333333,3.304666666666667,,,,25.0,4,0,0,0.0,0.0,0,0,0,0.0,0.01,-0.75,0.41467576791808874,0.27697720424019895,0.45782669909943263,0.5480229378670498,0.6499999999999999,0.14379575146993695,16
2026-07-22,824166,Miami Marlins @ Houston Astros,Houston Astros,Miami Marlins,Christian Vázquez,543877,9,R,Sandy Alcantara,R,0.213,0.269,0.331,.216,.286,.328,3.89,1.22,0.25,,,.255,,,0.21840000000000004,4.038666666666667,,,,25.0,-5,0,0,0.0,0.0,0,0,1,0.02,0.01,-1.0,0.363481228668942,0.2194885560381361,0.5719429455294996,0.5470342325034763,0.6499999999999999,0.1335101575439053,17
2026-07-22,824166,Miami Marlins @ Houston Astros,Miami Marlins,Houston Astros,Esteury Ruiz,665923,9,R,Peter Lambert,R,0.243,0.363,0.485,.260,.362,.400,3.03,1.11,0.197,,,.258,,,0.2479333333333334,3.304666666666667,,,,25.0,4,0,0,0.0,0.0,0,0,0,0.0,0.01,-1.0,0.41467576791808874,0.28199281450528546,0.45782669909943263,0.5520063403566765,0.6499999999999999,0.0956471644096526,18
2026-07-22,824408,Minnesota Twins @ Cleveland Guardians,Minnesota Twins,Cleveland Guardians,Trevor Larnach,663616,1,R,Slade Cecconi,R,0.293,0.382,0.462,.309,.395,.464,4.54,1.4,0.278,,,.280,,,0.2877333333333334,5.1113333333333335,,,,25.3,7,0,0,0.0,0.0,0,0,0,0.0,0.01,1.0,0.5,0.3305600768910475,0.7009667731186137,0.7264788869036849,0.6499999999999999,0.6069018841938986,1
2026-07-22,824408,Minnesota Twins @ Cleveland Guardians,Cleveland Guardians,Minnesota Twins,Steven Kwan,680757,1,R,Bailey Ober,R,0.238,0.346,0.298,.261,.363,.329,4.38,1.21,0.243,,,.257,,,0.227,4.585999999999999,,,,8.6,-1,0,0,0.0,0.0,0,0,0,0.0,0.0,1.0,0.4061433447098976,0.27044344015022725,0.5998169908862433,0.5941524706752047,0.6499999999999999,0.5516788279047105,2
2026-07-22,824408,Minnesota Twins @ Cleveland Guardians,Minnesota Twins,Cleveland Guardians,Brooks Lee,686797,2,R,Slade Cecconi,R,0.251,0.308,0.427,.266,.320,.472,4.54,1.4,0.278,,,.280,,,0.24973333333333333,5.1113333333333335,,,,21.0,7,0,0,0.0,0.0,0,0,0,0.0,0.0,0.75,0.4283276450511946,0.2829358489696567,0.7009667731186137,0.6634083474845978,0.6499999999999999,0.5455352463006878,3
2026-07-22,824408,Minnesota Twins @ Cleveland Guardians,Cleveland Guardians,Minnesota Twins,José Ramírez,608070,2,R,Bailey Ober,R,0.242,0.341,0.42,.205,.317,.351,4.38,1.21,0.243,,,.257,,,0.23793333333333336,4.585999999999999,,,,17.3,-1,0,0,0.0,0.0,0,0,0,0.0,0.0,0.75,0.41296928327645055,0.22866915289830864,0.5998169908862433,0.6122990820168369,0.6499999999999999,0.49395724779297573,4
2026-07-22,824408,Minnesota Twins @ Cleveland Guardians,Minnesota Twins,Cleveland Guardians,Kody Clemens,665019,3,R,Slade Cecconi,R,0.24,0.297,0.483,.244,.301,.496,4.54,1.4,0.278,,,.280,,,0.24466666666666667,5.1113333333333335,,,,26.3,7,0,0,0.0,0.0,0,0,0,0.0,0.01,0.5,0.40955631399317405,0.2688850468966266,0.7009667731186137,0.6549989422287195,0.6499999999999999,0.48076113499404866,5
2026-07-22,824408,Minnesota Twins @ Cleveland Guardians,Cleveland Guardians,Minnesota Twins,Chase DeLauter,800050,3,R,Bailey Ober,R,0.288,0.352,0.456,.252,.328,.431,4.38,1.21,0.243,,,.257,,,0.2784666666666667,4.585999999999999,,,,25.0,-1,0,0,0.0,0.0,0,0,0,0.0,0.01,0.5,0.49146757679180886,0.2712293022038699,0.5998169908862433,0.6795743240638632,0.6499999999999999,0.4546885714264199,6
2026-07-22,824408,Minnesota Twins @ Cleveland Guardians,Minnesota Twins,Cleveland Guardians,Josh Bell,605137,4,R,Slade Cecconi,R,0.251,0.308,0.427,.247,.308,.444,4.54,1.4,0.278,,,.280,,,0.24860000000000002,5.1113333333333335,,,,24.8,7,0,0,0.0,0.0,0,0,0,0.0,0.0,0.25,0.4283276450511946,0.26382705768309767,0.7009667731186137,0.6615272963089407,0.6499999999999999,0.4404758908026996,7
2026-07-22,824408,Minnesota Twins @ Cleveland Guardians,Cleveland Guardians,Minnesota Twins,Brayan Rocchio,677587,4,R,Bailey Ober,R,0.276,0.339,0.408,.292,.362,.416,4.38,1.21,0.243,,,.257,,,0.273,4.585999999999999,,,,23.0,-1,0,0,0.0,0.0,0,0,0,0.0,0.0,0.25,0.47098976109215024,0.30159608171648733,0.5998169908862433,0.6705010183930471,0.6499999999999999,0.4209192704539519,8
2026-07-22,824408,Minnesota Twins @ Cleveland Guardians,Cleveland Guardians,Minnesota Twins,Travis Bazzana,683953,5,R,Bailey Ober,R,0.247,0.341,0.418,.280,.361,.509,4.38,1.21,0.243,,,.257,,,0.2447333333333333,4.585999999999999,,,,25.0,-1,0,0,0.0,0.0,0,0,0,0.0,0.01,0.0,0.42150170648464164,0.3112201351847311,0.5998169908862433,0.6235853890707788,0.6499999999999999,0.35628793942267256,9
2026-07-22,824408,Minnesota Twins @ Cleveland Guardians,Minnesota Twins,Cleveland Guardians,Royce Lewis,668904,5,R,Slade Cecconi,R,0.215,0.293,0.388,.219,.294,.393,4.54,1.4,0.278,,,.280,,,0.21533333333333335,5.1113333333333335,,,,34.1,7,0,0,0.0,0.0,0,0,0,0.0,0.03,0.0,0.36689419795221845,0.23526158920233764,0.7009667731186137,0.6063129117999504,0.6499999999999999,0.34505236600616107,10
2026-07-22,824408,Minnesota Twins @ Cleveland Guardians,Minnesota Twins,Cleveland Guardians,Victor Caratini,605170,6,R,Slade Cecconi,R,0.235,0.324,0.361,.252,.324,.390,4.54,1.4,0.278,,,.280,,,0.2384666666666667,5.1113333333333335,,,,21.9,7,0,0,0.0,0.0,0,0,0,0.0,0.0,-0.25,0.40102389078498296,0.2626426689356548,0.7009667731186137,0.6447084857971841,0.6499999999999999,0.3376569720390754,11
2026-07-22,824408,Minnesota Twins @ Cleveland Guardians,Cleveland Guardians,Minnesota Twins,Kyle Manzardo,700932,6,R,Bailey Ober,R,0.209,0.301,0.351,.205,.290,.366,4.38,1.21,0.243,,,.257,,,0.21580000000000005,4.585999999999999,,,,30.4,-1,0,0,0.0,0.0,0,0,0,0.0,0.03,-0.25,0.3566552901023891,0.22177413913132205,0.5998169908862433,0.5755632590569476,0.6499999999999999,0.2567231209072456,12
2026-07-22,824408,Minnesota Twins @ Cleveland Guardians,Minnesota Twins,Cleveland Guardians,Alan Roden,702176,7,R,Slade Cecconi,R,0.182,0.269,0.182,.167,.273,.167,4.54,1.4,0.278,,,.280,,,0.24009999999999998,5.1113333333333335,,,,25.0,7,0,0,0.0,0.0,0,0,0,0.0,0.01,-0.5,0.310580204778157,0.1609956501918162,0.7009667731186137,0.6474194124915134,0.6499999999999999,0.2526518563572651,13
2026-07-22,824408,Minnesota Twins @ Cleveland Guardians,Minnesota Twins,Cleveland Guardians,Luke Keaschall,807712,8,R,Slade Cecconi,R,0.259,0.348,0.347,.266,.352,.362,4.54,1.4,0.278,,,.280,,,0.25586666666666663,5.1113333333333335,,,,25.0,7,0,0,0.0,0.0,0,0,0,0.0,0.01,-0.75,0.44197952218430037,0.2749661379858561,0.7009667731186137,0.6735881538469766,0.6499999999999999,0.23506978950909457,14
2026-07-22,824408,Minnesota Twins @ Cleveland Guardians,Minnesota Twins,Cleveland Guardians,Alex Jackson,656577,9,R,Slade Cecconi,R,0.333,0.4,1.0,.368,.385,.526,4.54,1.4,0.278,,,.280,,,0.29886666666666667,5.1113333333333335,,,,25.0,7,0,0,0.0,0.0,0,0,0,0.0,0.01,-1.0,0.568259385665529,0.36886595579752246,0.7009667731186137,0.7449574484527859,0.6499999999999999,0.21925013815288258,15
2026-07-22,824408,Minnesota Twins @ Cleveland Guardians,Cleveland Guardians,Minnesota Twins,Daniel Schneemann,682177,7,R,Bailey Ober,R,0.211,0.281,0.329,.204,.266,.309,4.38,1.21,0.243,,,.257,,,0.213,4.585999999999999,,,,31.5,-1,0,0,0.0,0.0,0,0,0,0.0,0.03,-0.5,0.36006825938566556,0.2028097654263487,0.5998169908862433,0.5709159561523832,0.6499999999999999,0.20128493204531764,16
2026-07-22,824408,Minnesota Twins @ Cleveland Guardians,Cleveland Guardians,Minnesota Twins,Patrick Bailey,672275,8,R,Bailey Ober,R,0.199,0.249,0.298,.209,.246,.307,4.38,1.21,0.243,,,.257,,,0.18246666666666664,4.585999999999999,,,,25.0,-1,0,0,0.0,0.0,0,0,0,0.0,0.01,-0.75,0.3395904436860069,0.19803295847850524,0.5998169908862433,0.5202382244788009,0.6499999999999999,0.16248907055731937,17
2026-07-22,824408,Minnesota Twins @ Cleveland Guardians,Cleveland Guardians,Minnesota Twins,Petey Halpin,690984,9,R,Bailey Ober,R,0.216,0.234,0.365,.273,.286,.473,4.38,1.21,0.243,,,.257,,,0.17859999999999998,4.585999999999999,,,,25.0,-1,0,0,0.0,0.0,0,0,0,0.0,0.01,-1.0,0.3686006825938567,0.27479777424116997,0.5998169908862433,0.5138205204677359,0.6499999999999999,0.13071761889632588,18
2026-07-22,823761,New York Mets @ Milwaukee Brewers,Milwaukee Brewers,New York Mets,Christian Yelich,592885,1,R,Christian Scott,R,0.243,0.331,0.388,.238,.329,.376,3.13,1.26,0.215,,,.241,,,0.24299999999999994,3.5342857142857147,,,,30.8,2,0,0,0.0,0.0,0,0,0,0.0,0.03,1.0,0.41467576791808874,0.25460408187448264,0.5019253221021321,0.5575972152935941,0.6499999999999999,0.4828681993932993,1
2026-07-22,823761,New York Mets @ Milwaukee Brewers,Milwaukee Brewers,New York Mets,Jackson Chourio,694192,2,R,Christian Scott,R,0.277,0.337,0.475,.263,.318,.463,3.13,1.26,0.215,,,.241,,,0.2828,3.5342857142857147,,,,23.3,2,0,0,0.0,0.0,0,0,0,0.0,0.0,0.75,0.4726962457337885,0.2790801052643706,0.5019253221021321,0.6236553065799012,0.6499999999999999,0.47889591893371747,2
2026-07-22,823761,New York Mets @ Milwaukee Brewers,New York Mets,Milwaukee Brewers,A.J. Ewing,805999,1,R,Logan Henderson,R,0.274,0.345,0.426,.281,.355,.419,3.05,0.94,0.207,,,.250,,,0.27266666666666667,4.1362499999999995,,,,25.0,9,0,0,0.0,0.0,0,1,0,-0.03,0.01,1.0,0.4675767918088738,0.2938769414084294,0.410761236556192,0.6429591695674683,0.6499999999999999,0.4681414817540851,3
2026-07-22,823761,New York Mets @ Milwaukee Brewers,Milwaukee Brewers,New York Mets,Brice Turang,668930,3,R,Christian Scott,R,0.259,0.357,0.452,.286,.384,.517,3.13,1.26,0.215,,,.241,,,0.2646,3.5342857142857147,,,,21.9,2,0,0,0.0,0.0,0,0,0,0.0,0.0,0.5,0.44197952218430037,0.3238809077488467,0.5019253221021321,0.5934478377002331,0.6499999999999999,0.4355649992228863,4
2026-07-22,823761,New York Mets @ Milwaukee Brewers,New York Mets,Milwaukee Brewers,Francisco Lindor,596019,2,R,Logan Henderson,R,0.233,0.315,0.398,.240,.315,.434,3.05,0.94,0.207,,,.250,,,0.2169333333333334,4.1362499999999995,,,,25.0,9,0,0,0.0,0.0,0,1,0,-0.03,0.01,0.75,0.3976109215017065,0.2608694185279117,0.410761236556192,0.5504557117528074,0.6499999999999999,0.3960140823617567,5
2026-07-22,823761,New York Mets @ Milwaukee Brewers,Milwaukee Brewers,New York Mets,William Contreras,661388,4,R,Christian Scott,R,0.275,0.341,0.396,.278,.333,.402,3.13,1.26,0.215,,,.241,,,0.28373333333333334,3.5342857142857147,,,,19.2,2,0,0,0.0,0.0,0,0,0,0.0,0.0,0.25,0.469283276450512,0.28156877815319953,0.5019253221021321,0.6252044075480893,0.6499999999999999,0.3797504523011529,6
2026-07-22,823761,New York Mets @ Milwaukee Brewers,New York Mets,Milwaukee Brewers,Bo Bichette,666182,3,R,Logan Henderson,R,0.256,0.305,0.372,.257,.303,.360,3.05,0.94,0.207,,,.250,,,0.25553333333333333,4.1362499999999995,,,,18.9,9,0,0,0.0,0.0,0,1,0,-0.03,0.0,0.5,0.4368600682593857,0.2526124358761251,0.410761236556192,0.614522101794301,0.6499999999999999,0.3635597952050341,7
2026-07-22,823761,New York Mets @ Milwaukee Brewers,Milwaukee Brewers,New York Mets,Garrett Mitchell,669003,5,R,Christian Scott,R,0.277,0.363,0.455,.285,.371,.493,3.13,1.26,0.215,,,.241,,,0.27540000000000003,3.5342857142857147,,,,25.0,2,0,0,0.0,0.0,0,0,0,0.0,0.01,0.0,0.4726962457337885,0.31457119910206005,0.5019253221021321,0.6113731489035527,0.6499999999999999,0.32592636874168757,8
2026-07-22,823761,New York Mets @ Milwaukee Brewers,New York Mets,Milwaukee Brewers,Carson Benge,701807,4,R,Logan Henderson,R,0.263,0.324,0.397,.264,.323,.405,3.05,0.94,0.207,,,.250,,,0.26233333333333336,4.1362499999999995,,,,25.0,9,0,0,0.0,0.0,0,1,0,-0.03,0.01,0.25,0.4488054607508533,0.271216547374727,0.410761236556192,0.625808408848243,0.6499999999999999,0.30990376913777584,9
2026-07-22,823761,New York Mets @ Milwaukee Brewers,Milwaukee Brewers,New York Mets,Andrew Vaughn,683734,6,R,Christian Scott,R,0.307,0.39,0.479,.260,.330,.380,3.13,1.26,0.215,,,.241,,,0.31873333333333337,3.5342857142857147,,,,25.0,2,0,0,0.0,0.0,0,0,0,0.0,0.01,-0.25,0.5238907849829352,0.26720873319036953,0.5019253221021321,0.6832956938551433,0.6499999999999999,0.2748741340065035,10
2026-07-22,823761,New York Mets @ Milwaukee Brewers,Milwaukee Brewers,New York Mets,Luis Lara,800325,6,R,Christian Scott,R,0.24,0.367,0.28,.273,.360,.318,3.13,1.26,0.215,,,.241,,,0.2678,3.5342857142857147,,,,25.0,2,0,0,0.0,0.0,0,0,0,0.0,0.01,-0.25,0.40955631399317405,0.27376134151178466,0.5019253221021321,0.5987590410197352,0.6499999999999999,0.26383178816154607,11
2026-07-22,823761,New York Mets @ Milwaukee Brewers,New York Mets,Milwaukee Brewers,Jorge Polanco,593871,5,R,Logan Henderson,R,0.165,0.22,0.247,.190,.250,.302,3.05,0.94,0.207,,,.250,,,0.1852,4.1362499999999995,,,,25.0,9,0,0,0.0,0.0,0,1,0,-0.03,0.01,0.0,0.2815699658703072,0.18859158707927579,0.410761236556192,0.4977862788344116,0.6499999999999999,0.22004420956183832,12
2026-07-22,823761,New York Mets @ Milwaukee Brewers,Milwaukee Brewers,New York Mets,Jake Bauers,641343,7,R,Christian Scott,R,0.256,0.362,0.482,.258,.371,.489,3.13,1.26,0.215,,,.241,,,0.26413333333333333,3.5342857142857147,,,,25.0,2,0,0,0.0,0.0,0,0,0,0.0,0.01,-0.5,0.4368600682593857,0.29969371952213003,0.5019253221021321,0.5926732872161391,0.6499999999999999,0.21940201959359296,13
2026-07-22,823761,New York Mets @ Milwaukee Brewers,New York Mets,Milwaukee Brewers,Jared Young,676724,6,R,Logan Henderson,R,0.247,0.324,0.429,.257,.331,.457,3.05,0.94,0.207,,,.250,,,0.23499999999999996,4.1362499999999995,,,,25.0,9,0,0,0.0,0.0,0,1,0,-0.03,0.01,-0.25,0.42150170648464164,0.27946332616319924,0.410761236556192,0.5804418804941626,0.6499999999999999,0.2051604845817818,14
2026-07-22,823761,New York Mets @ Milwaukee Brewers,New York Mets,Milwaukee Brewers,Tyrone Taylor,621438,6,R,Logan Henderson,R,0.228,0.269,0.449,.175,.246,.349,3.05,0.94,0.207,,,.250,,,0.2134666666666667,4.1362499999999995,,,,25.0,9,0,0,0.0,0.0,0,1,0,-0.03,0.01,-0.25,0.3890784982935154,0.18753120818678998,0.410761236556192,0.5447019081566801,0.6499999999999999,0.1768164592370571,15
2026-07-22,823761,New York Mets @ Milwaukee Brewers,Milwaukee Brewers,New York Mets,Cooper Pratt,806198,8,R,Christian Scott,R,0.258,0.343,0.344,.290,.383,.406,3.13,1.26,0.215,,,.241,,,0.23746666666666663,3.5342857142857147,,,,25.0,2,0,0,0.0,0.0,0,0,0,0.0,0.01,-0.75,0.44027303754266217,0.3062004104586308,0.5019253221021321,0.5484132595536217,0.6499999999999999,0.16438968817834054,16
2026-07-22,823761,New York Mets @ Milwaukee Brewers,New York Mets,Milwaukee Brewers,Marcus Semien,543760,7,R,Logan Henderson,R,0.209,0.266,0.34,.200,.250,.343,3.05,0.94,0.207,,,.250,,,0.21553333333333333,4.1362499999999995,,,,23.5,9,0,0,0.0,0.0,0,1,0,-0.03,0.0,-0.5,0.3566552901023891,0.20101865825780554,0.410761236556192,0.5481320603005251,0.6499999999999999,0.14070284457638774,17
2026-07-22,823761,New York Mets @ Milwaukee Brewers,Milwaukee Brewers,New York Mets,Joey Ortiz,687401,9,R,Christian Scott,R,0.239,0.31,0.352,.248,.318,.386,3.13,1.26,0.215,,,.241,,,0.22393333333333337,3.5342857142857147,,,,18.9,2,0,0,0.0,0.0,0,0,0,0.0,0.0,-1.0,0.40784982935153585,0.25772654633788283,0.5019253221021321,0.5259512955148944,0.6499999999999999,0.10890192754234447,18
2026-07-22,823761,New York Mets @ Milwaukee Brewers,New York Mets,Milwaukee Brewers,Brett Baty,683146,8,R,Logan Henderson,R,0.223,0.295,0.331,.239,.303,.358,3.05,0.94,0.207,,,.250,,,0.2192666666666667,4.1362499999999995,,,,28.4,9,0,0,0.0,0.0,0,1,0,-0.03,0.01,-0.75,0.3805460750853243,0.24281080227052415,0.410761236556192,0.5543284641732775,0.6499999999999999,0.09208034116048024,19
2026-07-22,823761,New York Mets @ Milwaukee Brewers,New York Mets,Milwaukee Brewers,Luis Robert Jr.,673357,8,R,Logan Henderson,R,0.211,0.306,0.337,.213,.289,.293,3.05,0.94,0.207,,,.250,,,0.24693333333333334,4.1362499999999995,,,,25.0,9,0,0,0.0,0.0,0,1,0,-0.03,0.01,-0.75,0.36006825938566556,0.21284510041753552,0.410761236556192,0.6002482428731392,0.6499999999999999,0.09147688250221235,20
2026-07-22,823761,New York Mets @ Milwaukee Brewers,New York Mets,Milwaukee Brewers,Luis Torrens,620443,8,R,Logan Henderson,R,0.228,0.29,0.327,.224,.287,.320,3.05,0.94,0.207,,,.250,,,0.2178666666666667,4.1362499999999995,,,,25.0,9,0,0,0.0,0.0,0,1,0,-0.03,0.01,-0.75,0.3890784982935154,0.22264163209147927,0.410761236556192,0.5520048127209953,0.6499999999999999,0.08668950089787668,21
2026-07-22,823761,New York Mets @ Milwaukee Brewers,New York Mets,Milwaukee Brewers,Francisco Alvarez,682626,9,R,Logan Henderson,R,0.257,0.325,0.437,.263,.330,.461,3.05,0.94,0.207,,,.250,,,0.2518000000000001,4.1362499999999995,,,,25.0,9,0,0,0.0,0.0,0,1,0,-0.03,0.01,-1.0,0.4385665529010239,0.28296135862794247,0.410761236556192,0.6083256979215487,0.6499999999999999,0.06021756531207548,22
2026-07-22,823519,Pittsburgh Pirates @ New York Yankees,New York Yankees,Pittsburgh Pirates,Trent Grisham,663757,1,R,Bubba Chandler,R,0.227,0.329,0.41,.218,.324,.408,4.77,1.45,0.23,,,.211,,,0.23306666666666664,4.786,,,,16.6,5,0,0,0.0,0.0,0,0,0,0.0,0.0,1.0,0.3873720136518772,0.2479402185272534,0.6478764487300342,0.6162232271817892,0.6499999999999999,0.5637814733280919,1
2026-07-22,823518,Pittsburgh Pirates @ New York Yankees,New York Yankees,Pittsburgh Pirates,Trent Grisham,663757,1,R,Mitch Keller,R,0.227,0.329,0.41,.218,.324,.408,4.9,1.31,0.252,,,.204,,,0.23306666666666664,4.268666666666666,,,,16.6,5,0,0,0.0,0.0,0,0,0,0.0,0.0,1.0,0.3873720136518772,0.2479402185272534,0.623773464086273,0.5851790879632268,0.6499999999999999,0.5518939570521793,2
2026-07-22,823519,Pittsburgh Pirates @ New York Yankees,New York Yankees,Pittsburgh Pirates,Ben Rice,700250,2,R,Bubba Chandler,R,0.28,0.37,0.597,.284,.387,.638,4.77,1.45,0.23,,,.211,,,0.2752666666666667,4.786,,,,24.2,5,0,0,0.0,0.0,0,0,0,0.0,0.0,0.75,0.47781569965870313,0.34506709040129163,0.6478764487300342,0.686264720957723,0.6499999999999999,0.5485694153629915,3
2026-07-22,823518,Pittsburgh Pirates @ New York Yankees,New York Yankees,Pittsburgh Pirates,Ben Rice,700250,2,R,Mitch Keller,R,0.28,0.37,0.597,.284,.387,.638,4.9,1.31,0.252,,,.204,,,0.2752666666666667,4.268666666666666,,,,24.2,5,0,0,0.0,0.0,0,0,0,0.0,0.0,0.75,0.47781569965870313,0.34506709040129163,0.623773464086273,0.6552205817391605,0.6499999999999999,0.5366818990870788,4
2026-07-22,823518,Pittsburgh Pirates @ New York Yankees,Pittsburgh Pirates,New York Yankees,Jake Mangum,663968,1,R,Gerrit Cole,R,0.303,0.353,0.375,.309,.358,.394,3.92,1.1,0.233,,,.286,,,0.3062666666666667,2.7818181818181817,,,,21.3,11,0,0,0.0,0.0,0,1,0,-0.03,0.0,1.0,0.5170648464163823,0.30526149045527334,0.5568863522787143,0.6174500584318656,0.6499999999999999,0.5209987870622124,5
2026-07-22,823519,Pittsburgh Pirates @ New York Yankees,Pittsburgh Pirates,New York Yankees,Nick Gonzales,693304,1,R,Max Fried,L,0.311,0.37,0.414,.269,.325,.337,3.21,1.01,0.199,,,.216,,,0.30906666666666666,1.925,,,,24.5,11,0,0,0.0,0.0,0,1,0,-0.03,0.0,1.0,0.5307167235494881,0.2626452199014834,0.4087380944099266,0.5706814149678232,0.6499999999999999,0.5088849455435223,6
2026-07-22,823518,Pittsburgh Pirates @ New York Yankees,New York Yankees,Pittsburgh Pirates,Ali Sánchez,645305,2,R,Mitch Keller,R,0.229,0.263,0.286,.125,.211,.125,4.9,1.31,0.252,,,.204,,,0.26453333333333334,4.268666666666666,,,,25.0,5,0,0,0.0,0.0,0,0,0,0.0,0.01,0.75,0.3907849829351536,0.10972897222409658,0.623773464086273,0.6374059206049972,0.6499999999999999,0.4651751703726556,7
2026-07-22,823518,Pittsburgh Pirates @ New York Yankees,New York Yankees,Pittsburgh Pirates,Amed Rosario,642708,3,R,Mitch Keller,R,0.235,0.281,0.451,.279,.308,.541,4.9,1.31,0.252,,,.204,,,0.24440000000000003,4.268666666666666,,,,25.0,5,0,0,0.0,0.0,0,0,0,0.0,0.01,0.5,0.40102389078498296,0.2976076877881152,0.623773464086273,0.6039895997197967,0.6499999999999999,0.4571324011308802,8
2026-07-22,823519,Pittsburgh Pirates @ New York Yankees,New York Yankees,Pittsburgh Pirates,Paul Goldschmidt,502671,3,R,Bubba Chandler,R,0.258,0.316,0.484,.203,.237,.372,4.77,1.45,0.23,,,.211,,,0.2658,4.786,,,,26.7,5,0,0,0.0,0.0,0,0,0,0.0,0.01,0.5,0.44027303754266217,0.20308584576037708,0.6478764487300342,0.6705524111375292,0.6499999999999999,0.45071725772973387,9
2026-07-22,823519,Pittsburgh Pirates @ New York Yankees,Pittsburgh Pirates,New York Yankees,Jared Triolo,669707,2,R,Max Fried,L,0.246,0.317,0.32,.281,.343,.359,3.21,1.01,0.199,,,.216,,,0.23593333333333336,1.925,,,,23.4,11,0,0,0.0,0.0,0,1,0,-0.03,0.0,0.75,0.41979522184300344,0.2791438794100851,0.4087380944099266,0.4492982891033696,0.6499999999999999,0.4448021415410047,10
2026-07-22,823518,Pittsburgh Pirates @ New York Yankees,New York Yankees,Pittsburgh Pirates,Spencer Jones,682987,3,R,Mitch Keller,R,0.224,0.314,0.355,.219,.306,.344,4.9,1.31,0.252,,,.204,,,0.2276,4.268666666666666,,,,25.0,5,0,0,0.0,0.0,0,0,0,0.0,0.01,0.5,0.3822525597269625,0.2309164715040659,0.623773464086273,0.5761057822924107,0.6499999999999999,0.43627702444575994,11
2026-07-22,823519,Pittsburgh Pirates @ New York Yankees,New York Yankees,Pittsburgh Pirates,Cody Bellinger,641355,4,R,Bubba Chandler,R,0.255,0.345,0.414,.257,.360,.409,4.77,1.45,0.23,,,.211,,,0.25106666666666666,4.786,,,,20.1,5,0,0,0.0,0.0,0,0,0,0.0,0.0,0.25,0.4351535836177475,0.2812875958875139,0.6478764487300342,0.6460987458539884,0.6499999999999999,0.426599645468987,12
2026-07-22,823518,Pittsburgh Pirates @ New York Yankees,New York Yankees,Pittsburgh Pirates,Cody Bellinger,641355,4,R,Mitch Keller,R,0.255,0.345,0.414,.257,.360,.409,4.9,1.31,0.252,,,.204,,,0.25106666666666666,4.268666666666666,,,,20.1,5,0,0,0.0,0.0,0,0,0,0.0,0.0,0.25,0.4351535836177475,0.2812875958875139,0.623773464086273,0.615054606635426,0.6499999999999999,0.41471212919307426,13
2026-07-22,823519,Pittsburgh Pirates @ New York Yankees,Pittsburgh Pirates,New York Yankees,Bryan Reynolds,668804,3,R,Max Fried,L,0.278,0.394,0.468,.306,.394,.532,3.21,1.01,0.199,,,.216,,,0.2818,1.925,,,,29.1,11,0,0,0.0,0.0,0,1,0,-0.03,0.01,0.5,0.4744027303754267,0.3405341887023484,0.4087380944099266,0.5254255366828993,0.6499999999999999,0.411568806001,14
2026-07-22,823519,Pittsburgh Pirates @ New York Yankees,Pittsburgh Pirates,New York Yankees,Esmerlyn Valdez,699013,4,R,Max Fried,L,0.295,0.37,0.723,.368,.455,1.079,3.21,1.01,0.199,,,.216,,,0.3098,1.925,,,,25.0,11,0,0,0.0,0.0,0,1,0,-0.03,0.01,0.25,0.5034129692832765,0.49033973927483454,0.4087380944099266,0.5718985657285426,0.6499999999999999,0.4059911480009679,15
2026-07-22,823518,Pittsburgh Pirates @ New York Yankees,Pittsburgh Pirates,New York Yankees,Bryan Reynolds,668804,3,R,Gerrit Cole,R,0.278,0.394,0.468,.264,.394,.435,3.92,1.1,0.233,,,.286,,,0.2818,2.7818181818181817,,,,29.1,11,0,0,0.0,0.0,0,1,0,-0.03,0.01,0.5,0.4744027303754267,0.30150268345147324,0.5568863522787143,0.5768414830515061,0.6499999999999999,0.40396779900420854,16
2026-07-22,823518,Pittsburgh Pirates @ New York Yankees,Pittsburgh Pirates,New York Yankees,Brandon Lowe,664040,2,R,Gerrit Cole,R,0.245,0.314,0.476,.256,.336,.527,3.92,1.1,0.233,,,.286,,,0.24466666666666667,2.7818181818181817,,,,35.1,11,0,0,0.0,0.0,0,1,0,-0.03,0.05,0.75,0.4180887372013652,0.29295332720004347,0.5568863522787143,0.5152093945314506,0.6499999999999999,0.40258564666334273,17
2026-07-22,823518,Pittsburgh Pirates @ New York Yankees,Pittsburgh Pirates,New York Yankees,Rafael Flores Jr.,804668,4,R,Gerrit Cole,R,0.333,0.5,0.667,.286,.444,.429,3.92,1.1,0.233,,,.286,,,0.35642857142857143,2.7818181818181817,,,,25.0,11,0,0,0.0,0.0,0,1,0,-0.03,0.01,0.25,0.568259385665529,0.32963489918747624,0.5568863522787143,0.7007063318956079,0.6499999999999999,0.37958058026482455,18
2026-07-22,823518,Pittsburgh Pirates @ New York Yankees,Pittsburgh Pirates,New York Yankees,Esmerlyn Valdez,699013,4,R,Gerrit Cole,R,0.295,0.37,0.723,.257,.325,.541,3.92,1.1,0.233,,,.286,,,0.3098,2.7818181818181817,,,,25.0,11,0,0,0.0,0.0,0,1,0,-0.03,0.01,0.25,0.5034129692832765,0.2920501207182862,0.5568863522787143,0.6233145120971493,0.6499999999999999,0.35857561267775817,19
2026-07-22,823518,Pittsburgh Pirates @ New York Yankees,New York Yankees,Pittsburgh Pirates,Jasson Domínguez,691176,5,R,Mitch Keller,R,0.23,0.269,0.388,.222,.267,.394,4.9,1.31,0.252,,,.204,,,0.22693333333333332,4.268666666666666,,,,25.0,5,0,0,0.0,0.0,0,0,0,0.0,0.01,0.0,0.3924914675767919,0.22749142957770818,0.623773464086273,0.5749992816008478,0.6499999999999999,0.33525478886043614,20
2026-07-22,823519,Pittsburgh Pirates @ New York Yankees,New York Yankees,Pittsburgh Pirates,Jazz Chisholm Jr.,665862,5,R,Bubba Chandler,R,0.224,0.3,0.416,.231,.323,.436,4.77,1.45,0.23,,,.211,,,0.22333333333333336,4.786,,,,31.5,5,0,0,0.0,0.0,0,0,0,0.0,0.03,0.0,0.3822525597269625,0.25931456371078304,0.6478764487300342,0.6000683170849704,0.6499999999999999,0.33420182310945157,21
2026-07-22,823518,Pittsburgh Pirates @ New York Yankees,Pittsburgh Pirates,New York Yankees,Ryan O'Hearn,656811,5,R,Gerrit Cole,R,0.278,0.342,0.466,.296,.366,.500,3.92,1.1,0.233,,,.286,,,0.2845333333333333,2.7818181818181817,,,,22.1,11,0,0,0.0,0.0,0,1,0,-0.03,0.0,0.0,0.4744027303754267,0.3198093194187748,0.5568863522787143,0.581378135886914,0.6499999999999999,0.31922495592134514,22
2026-07-22,823519,Pittsburgh Pirates @ New York Yankees,New York Yankees,Pittsburgh Pirates,Jasson Domínguez,691176,6,R,Bubba Chandler,R,0.23,0.269,0.388,.222,.267,.394,4.77,1.45,0.23,,,.211,,,0.22693333333333332,4.786,,,,25.0,5,0,0,0.0,0.0,0,0,0,0.0,0.01,-0.25,0.3924914675767919,0.22749142957770818,0.6478764487300342,0.6060434208194103,0.6499999999999999,0.29714230513634887,23
2026-07-22,823519,Pittsburgh Pirates @ New York Yankees,Pittsburgh Pirates,New York Yankees,Ryan O'Hearn,656811,5,R,Max Fried,L,0.278,0.342,0.466,.235,.283,.388,3.21,1.01,0.199,,,.216,,,0.2845333333333333,1.925,,,,22.1,11,0,0,0.0,0.0,0,1,0,-0.03,0.0,0.0,0.4744027303754267,0.23890914118032364,0.4087380944099266,0.5299621895183073,0.6499999999999999,0.29684304204580503,24
2026-07-22,823518,Pittsburgh Pirates @ New York Yankees,Pittsburgh Pirates,New York Yankees,Nick Gonzales,693304,6,R,Gerrit Cole,R,0.311,0.37,0.414,.328,.388,.445,3.92,1.1,0.233,,,.286,,,0.30906666666666666,2.7818181818181817,,,,24.5,11,0,0,0.0,0.0,0,1,0,-0.03,0.0,-0.25,0.5307167235494881,0.33474292024693353,0.5568863522787143,0.6220973613364299,0.6499999999999999,0.27906623994581214,25
2026-07-22,823518,Pittsburgh Pirates @ New York Yankees,New York Yankees,Pittsburgh Pirates,Jazz Chisholm Jr.,665862,6,R,Mitch Keller,R,0.224,0.3,0.416,.231,.323,.436,4.9,1.31,0.252,,,.204,,,0.22333333333333336,4.268666666666666,,,,31.5,5,0,0,0.0,0.0,0,0,0,0.0,0.03,-0.25,0.3822525597269625,0.25931456371078304,0.623773464086273,0.569024177866408,0.6499999999999999,0.27231430683353886,26
2026-07-22,823519,Pittsburgh Pirates @ New York Yankees,New York Yankees,Pittsburgh Pirates,Anthony Volpe,683011,7,R,Bubba Chandler,R,0.245,0.341,0.322,.259,.364,.318,4.77,1.45,0.23,,,.211,,,0.2474666666666667,4.786,,,,25.0,5,0,0,0.0,0.0,0,0,0,0.0,0.01,-0.5,0.4180887372013652,0.267820553543127,0.6478764487300342,0.6401236421195486,0.6499999999999999,0.2623366193227243,27
2026-07-22,823518,Pittsburgh Pirates @ New York Yankees,New York Yankees,Pittsburgh Pirates,José Caballero,676609,7,R,Mitch Keller,R,0.244,0.295,0.387,.254,.305,.389,4.9,1.31,0.252,,,.204,,,0.2465333333333333,4.268666666666666,,,,26.5,5,0,0,0.0,0.0,0,0,0,0.0,0.01,-0.5,0.416382252559727,0.25681823792446834,0.623773464086273,0.607530401932798,0.6499999999999999,0.24746615899691865,28
2026-07-22,823519,Pittsburgh Pirates @ New York Yankees,Pittsburgh Pirates,New York Yankees,Rafael Flores Jr.,804668,8,R,Max Fried,L,0.333,0.5,0.667,.400,.571,1.000,3.21,1.01,0.199,,,.216,,,0.35642857142857143,1.925,,,,25.0,11,0,0,0.0,0.0,0,1,0,-0.03,0.01,-0.75,0.568259385665529,0.534217915021568,0.4087380944099266,0.6492903855270012,0.6499999999999999,0.2285694649074201,29
2026-07-22,823519,Pittsburgh Pirates @ New York Yankees,Pittsburgh Pirates,New York Yankees,Marcell Ozuna,542303,6,R,Max Fried,L,0.208,0.293,0.338,.235,.319,.420,3.21,1.01,0.199,,,.216,,,0.20213333333333336,1.925,,,,30.7,11,0,0,0.0,0.0,0,1,0,-0.03,0.03,-0.25,0.35494880546075086,0.25720400978912566,0.4087380944099266,0.39319870404112894,0.6499999999999999,0.20090223637642873,30
2026-07-22,823518,Pittsburgh Pirates @ New York Yankees,Pittsburgh Pirates,New York Yankees,Jacob Gonzalez,694378,7,R,Gerrit Cole,R,0.255,0.321,0.422,.256,.304,.430,3.92,1.1,0.233,,,.286,,,0.24866666666666667,2.7818181818181817,,,,25.0,11,0,0,0.0,0.0,0,1,0,-0.03,0.01,-0.5,0.4351535836177475,0.26469199967742624,0.5568863522787143,0.5218483986808283,0.6499999999999999,0.1865161654050951,31
2026-07-22,823519,Pittsburgh Pirates @ New York Yankees,New York Yankees,Pittsburgh Pirates,Ryan McMahon,641857,8,R,Bubba Chandler,R,0.217,0.276,0.385,.219,.276,.416,4.77,1.45,0.23,,,.211,,,0.2130666666666667,4.786,,,,30.9,5,0,0,0.0,0.0,0,0,0,0.0,0.03,-0.75,0.3703071672354949,0.2329402925875516,0.6478764487300342,0.5830282064349014,0.6499999999999999,0.17505223873113337,32
2026-07-22,823518,Pittsburgh Pirates @ New York Yankees,New York Yankees,Pittsburgh Pirates,Ryan McMahon,641857,8,R,Mitch Keller,R,0.217,0.276,0.385,.219,.276,.416,4.9,1.31,0.252,,,.204,,,0.2130666666666667,4.268666666666666,,,,30.9,5,0,0,0.0,0.0,0,0,0,0.0,0.03,-0.75,0.3703071672354949,0.2329402925875516,0.623773464086273,0.551984067216339,0.6499999999999999,0.16316472245522065,33
2026-07-22,823518,Pittsburgh Pirates @ New York Yankees,New York Yankees,Pittsburgh Pirates,Paul Goldschmidt,502671,9,R,Mitch Keller,R,0.258,0.316,0.484,.203,.237,.372,4.9,1.31,0.252,,,.204,,,0.2658,4.268666666666666,,,,26.7,5,0,0,0.0,0.0,0,0,0,0.0,0.01,-1.0,0.44027303754266217,0.20308584576037708,0.623773464086273,0.6395082719189668,0.6499999999999999,0.13882974145382115,34
2026-07-22,823519,Pittsburgh Pirates @ New York Yankees,Pittsburgh Pirates,New York Yankees,Brandon Lowe,664040,7,R,Max Fried,L,0.245,0.314,0.476,.218,.262,.355,3.21,1.01,0.199,,,.216,,,0.24466666666666667,1.925,,,,35.1,11,0,0,0.0,0.0,0,1,0,-0.03,0.05,-0.5,0.4180887372013652,0.21680189528532143,0.4087380944099266,0.46379344816284396,0.6499999999999999,0.1313909193687349,35
2026-07-22,823519,Pittsburgh Pirates @ New York Yankees,New York Yankees,Pittsburgh Pirates,Ali Sánchez,645305,9,R,Bubba Chandler,R,0.229,0.263,0.286,.125,.211,.125,4.77,1.45,0.23,,,.211,,,0.26453333333333334,4.786,,,,25.0,5,0,0,0.0,0.0,0,0,0,0.0,0.01,-1.0,0.3907849829351536,0.10972897222409658,0.6478764487300342,0.6684500598235597,0.6499999999999999,0.12706268664856835,36
2026-07-22,823518,Pittsburgh Pirates @ New York Yankees,Pittsburgh Pirates,New York Yankees,Billy Cook,695257,8,R,Gerrit Cole,R,0.22,0.22,0.293,.250,.250,.250,3.92,1.1,0.233,,,.286,,,0.1752666666666667,2.7818181818181817,,,,25.0,11,0,0,0.0,0.0,0,1,0,-0.03,0.01,-0.75,0.3754266211604096,0.21099532103493507,0.5568863522787143,0.40002267253974955,0.6499999999999999,0.10481813682331045,37
2026-07-22,823518,Pittsburgh Pirates @ New York Yankees,Pittsburgh Pirates,New York Yankees,Henry Davis,680779,8,R,Gerrit Cole,R,0.164,0.259,0.328,.172,.298,.344,3.92,1.1,0.233,,,.286,,,0.157,2.7818181818181817,,,,25.0,11,0,0,0.0,0.0,0,1,0,-0.03,0.01,-0.75,0.279863481228669,0.20341648384744895,0.5568863522787143,0.3697045535909252,0.6499999999999999,0.09837570968411527,38
2026-07-22,823518,Pittsburgh Pirates @ New York Yankees,New York Yankees,Pittsburgh Pirates,Austin Wells,669224,9,R,Mitch Keller,R,0.163,0.263,0.261,.186,.301,.279,4.9,1.31,0.252,,,.204,,,0.15313333333333332,4.268666666666666,,,,30.0,5,0,0,0.0,0.0,0,0,0,0.0,0.03,-1.0,0.27815699658703075,0.2004486408289487,0.623773464086273,0.4525096550448312,0.6499999999999999,0.09012064768984375,39
2026-07-22,823518,Pittsburgh Pirates @ New York Yankees,Pittsburgh Pirates,New York Yankees,Marcell Ozuna,542303,8,R,Gerrit Cole,R,0.208,0.293,0.338,.193,.280,.293,3.92,1.1,0.233,,,.286,,,0.20213333333333336,2.7818181818181817,,,,30.7,11,0,0,0.0,0.0,0,1,0,-0.03,0.03,-0.75,0.35494880546075086,0.19916986634584843,0.5568863522787143,0.4446146504097357,0.6499999999999999,0.08855056983153675,40
2026-07-22,823518,Pittsburgh Pirates @ New York Yankees,Pittsburgh Pirates,New York Yankees,Jared Triolo,669707,9,R,Gerrit Cole,R,0.246,0.317,0.32,.230,.305,.302,3.92,1.1,0.233,,,.286,,,0.23593333333333336,2.7818181818181817,,,,23.4,11,0,0,0.0,0.0,0,1,0,-0.03,0.0,-1.0,0.41979522184300344,0.22898859965142287,0.5568863522787143,0.5007142354719764,0.6499999999999999,0.08442019091726645,41
2026-07-22,823518,Pittsburgh Pirates @ New York Yankees,Pittsburgh Pirates,New York Yankees,Tyler Callihan,682997,9,R,Gerrit Cole,R,0.235,0.313,0.435,.203,.281,.405,3.92,1.1,0.233,,,.286,,,0.24893333333333334,2.7818181818181817,,,,25.0,11,0,0,0.0,0.0,0,1,0,-0.03,0.01,-1.0,0.40102389078498296,0.22437661801179373,0.5568863522787143,0.5222909989574536,0.6499999999999999,0.07650371003018075,42
2026-07-22,823519,Pittsburgh Pirates @ New York Yankees,Pittsburgh Pirates,New York Yankees,Billy Cook,695257,9,R,Max Fried,L,0.22,0.22,0.293,.200,.200,.320,3.21,1.01,0.199,,,.216,,,0.1752666666666667,1.925,,,,25.0,11,0,0,0.0,0.0,0,1,0,-0.03,0.01,-1.0,0.3754266211604096,0.1793625218683603,0.4087380944099266,0.3486067261711428,0.6499999999999999,0.04475306771573946,43
2026-07-22,824896,San Diego Padres @ Atlanta Braves,San Diego Padres,Atlanta Braves,Fernando Tatis Jr.,665487,1,R,Martín Pérez,L,0.286,0.349,0.403,.307,.373,.520,3.54,1.19,0.221,,,.212,,,0.2816,2.728,,,,28.6,12,0,0,0.0,0.0,0,1,0,-0.03,0.01,1.0,0.4880546075085324,0.33155413067199024,0.48936094146990144,0.5732800113320781,0.6499999999999999,0.5406888168087797,1
2026-07-22,824896,San Diego Padres @ Atlanta Braves,Atlanta Braves,San Diego Padres,Drake Baldwin,686948,1,R,Michael King,R,0.271,0.362,0.472,.282,.379,.492,3.34,1.16,0.212,,,.224,,,0.25820000000000004,3.108,,,,23.7,8,0,0,0.0,0.0,0,1,0,-0.03,0.0,1.0,0.4624573378839591,0.3156417818578602,0.4726470376115146,0.5572448774636065,0.6499999999999999,0.4892912883674603,2
2026-07-22,824896,San Diego Padres @ Atlanta Braves,San Diego Padres,Atlanta Braves,Luis Rengifo,650859,2,R,Martín Pérez,L,0.223,0.299,0.269,.175,.239,.213,3.54,1.19,0.221,,,.212,,,0.20659999999999998,2.728,,,,20.0,12,0,0,0.0,0.0,0,1,0,-0.03,0.0,0.75,0.3805460750853243,0.1612589756967017,0.48936094146990144,0.4487986835312481,0.6499999999999999,0.4394428288948331,3
2026-07-22,824896,San Diego Padres @ Atlanta Braves,Atlanta Braves,San Diego Padres,Ozzie Albies,645277,2,R,Michael King,R,0.262,0.313,0.432,.241,.316,.386,3.34,1.16,0.212,,,.224,,,0.26913333333333334,3.108,,,,20.8,8,0,0,0.0,0.0,0,1,0,-0.03,0.0,0.75,0.44709897610921506,0.25334571511801096,0.4726470376115146,0.5753914888052385,0.6499999999999999,0.42643926338374294,4
2026-07-22,824896,San Diego Padres @ Atlanta Braves,San Diego Padres,Atlanta Braves,Manny Machado,592518,3,R,Martín Pérez,L,0.204,0.294,0.433,.229,.305,.470,3.54,1.19,0.221,,,.212,,,0.19513333333333333,2.728,,,,26.7,12,0,0,0.0,0.0,0,1,0,-0.03,0.01,0.5,0.34812286689419797,0.2578684129536399,0.48936094146990144,0.4297668716363657,0.6499999999999999,0.40074041642483527,5
2026-07-22,824896,San Diego Padres @ Atlanta Braves,San Diego Padres,Atlanta Braves,Ty France,664034,4,R,Martín Pérez,L,0.282,0.339,0.551,.338,.397,.569,3.54,1.19,0.221,,,.212,,,0.26739999999999997,2.728,,,,28.1,12,0,0,0.0,0.0,0,1,0,-0.03,0.01,0.25,0.4812286689419795,0.36487089644230786,0.48936094146990144,0.5497115466017874,0.6499999999999999,0.3954827385418155,6
2026-07-22,824896,San Diego Padres @ Atlanta Braves,Atlanta Braves,San Diego Padres,Matt Olson,621566,3,R,Michael King,R,0.267,0.342,0.531,.267,.351,.567,3.34,1.16,0.212,,,.224,,,0.26959999999999995,3.108,,,,24.6,8,0,0,0.0,0.0,0,1,0,-0.03,0.0,0.5,0.4556313993174062,0.3110195963549167,0.4726470376115146,0.5761660392893325,0.6499999999999999,0.3909739162655834,7
2026-07-22,824896,San Diego Padres @ Atlanta Braves,Atlanta Braves,San Diego Padres,Michael Harris II,671739,4,R,Michael King,R,0.301,0.33,0.506,.311,.332,.527,3.34,1.16,0.212,,,.224,,,0.30133333333333334,3.108,,,,25.4,8,0,0,0.0,0.0,0,1,0,-0.03,0.01,0.25,0.5136518771331058,0.3204227032667175,0.4726470376115146,0.6288354722077283,0.6499999999999999,0.341225107931293,8
2026-07-22,824896,San Diego Padres @ Atlanta Braves,San Diego Padres,Atlanta Braves,Jackson Merrill,701538,5,R,Martín Pérez,L,0.222,0.278,0.368,.286,.320,.439,3.54,1.19,0.221,,,.212,,,0.21773333333333333,2.728,,,,26.9,12,0,0,0.0,0.0,0,1,0,-0.03,0.01,0.0,0.37883959044368604,0.2876616366009286,0.48936094146990144,0.46727724508034907,0.6499999999999999,0.31381527835325496,9
2026-07-22,824896,San Diego Padres @ Atlanta Braves,San Diego Padres,Atlanta Braves,Luis Campusano,669134,6,R,Martín Pérez,L,0.291,0.398,0.532,.250,.308,.333,3.54,1.19,0.221,,,.212,,,0.29893333333333333,2.728,,,,25.0,12,0,0,0.0,0.0,0,1,0,-0.03,0.01,-0.25,0.49658703071672355,0.24597408218718164,0.48936094146990144,0.6020490293127142,0.6499999999999999,0.27360915738467295,10
2026-07-22,824896,San Diego Padres @ Atlanta Braves,Atlanta Braves,San Diego Padres,Austin Riley,663586,5,R,Michael King,R,0.213,0.294,0.355,.210,.285,.379,3.34,1.16,0.212,,,.224,,,0.21013333333333334,3.108,,,,32.3,8,0,0,0.0,0.0,0,1,0,-0.03,0.03,0.0,0.363481228668942,0.22491190938969374,0.4726470376115146,0.47746617760191906,0.6499999999999999,0.2246420152711657,11
2026-07-22,824896,San Diego Padres @ Atlanta Braves,Atlanta Braves,San Diego Padres,Mike Yastrzemski,573262,6,R,Michael King,R,0.228,0.318,0.362,.233,.319,.381,3.34,1.16,0.212,,,.224,,,0.2244666666666667,3.108,,,,23.4,8,0,0,0.0,0.0,0,1,0,-0.03,0.0,-0.25,0.3890784982935154,0.2493276970703392,0.4726470376115146,0.5012559424705222,0.6499999999999999,0.21431442692161748,12
2026-07-22,824896,San Diego Padres @ Atlanta Braves,San Diego Padres,Atlanta Braves,Xander Bogaerts,593428,7,R,Martín Pérez,L,0.22,0.312,0.327,.234,.306,.325,3.54,1.19,0.221,,,.212,,,0.22626666666666673,2.728,,,,22.7,12,0,0,0.0,0.0,0,1,0,-0.03,0.0,-0.5,0.3754266211604096,0.2354672299638092,0.48936094146990144,0.48144045393235474,0.6499999999999999,0.2128911580217759,13
2026-07-22,824896,San Diego Padres @ Atlanta Braves,Atlanta Braves,San Diego Padres,Mauricio Dubón,643289,7,R,Michael King,R,0.262,0.315,0.412,.276,.329,.413,3.34,1.16,0.212,,,.224,,,0.2694666666666667,3.108,,,,16.7,8,0,0,0.0,0.0,0,1,0,-0.03,0.0,-0.5,0.44709897610921506,0.28103348677529943,0.4726470376115146,0.5759447391510201,0.6499999999999999,0.18344419384993224,14
2026-07-22,824896,San Diego Padres @ Atlanta Braves,Atlanta Braves,San Diego Padres,Brewer Hicklen,676551,9,R,Michael King,R,0.357,0.471,0.571,.333,.467,.500,3.34,1.16,0.212,,,.224,,,0.42175,3.108,,,,25.0,8,0,0,0.0,0.0,0,1,0,-0.03,0.01,-1.0,0.6092150170648464,0.3748510976559093,0.4726470376115146,0.8286971596212829,0.6499999999999999,0.1348114596406241,15
2026-07-22,824896,San Diego Padres @ Atlanta Braves,Atlanta Braves,San Diego Padres,Jim Jarvis,805347,8,R,Michael King,R,0.292,0.333,0.458,.333,.350,.513,3.34,1.16,0.212,,,.224,,,0.24573333333333333,3.108,,,,25.0,8,0,0,0.0,0.0,0,1,0,-0.03,0.01,-0.75,0.49829351535836175,0.33587118774614766,0.4726470376115146,0.5365533145313797,0.6499999999999999,0.13124490539969821,16
2026-07-22,824896,San Diego Padres @ Atlanta Braves,San Diego Padres,Atlanta Braves,Jake Cronenworth,630105,8,R,Martín Pérez,L,0.196,0.287,0.278,.200,.226,.200,3.54,1.19,0.221,,,.212,,,0.18293333333333334,2.728,,,,25.0,12,0,0,0.0,0.0,0,1,0,-0.03,0.01,-0.75,0.3344709897610922,0.16752686331595934,0.48936094146990144,0.40951790898076407,0.6499999999999999,0.12511768461707484,17
2026-07-22,824896,San Diego Padres @ Atlanta Braves,San Diego Padres,Atlanta Braves,Jase Bowen,687749,9,R,Martín Pérez,L,0.149,0.2,0.191,.130,.200,.217,3.54,1.19,0.221,,,.212,,,0.12586666666666668,2.728,,,,25.0,12,0,0,0.0,0.0,0,1,0,-0.03,0.01,-1.0,0.25426621160409557,0.1245783911799122,0.48936094146990144,0.3148014497829771,0.6499999999999999,0.050173097703395036,18
2026-07-22,824083,San Francisco Giants @ Kansas City Royals,San Francisco Giants,Kansas City Royals,Luis Arraez,650333,1,R,Seth Lugo,R,0.32,0.359,0.446,.323,.368,.447,4.36,1.37,0.274,,,.258,,,0.3267333333333333,3.888666666666667,,,,8.0,-3,0,0,0.0,0.0,0,0,0,0.0,0.0,1.0,0.5460750853242321,0.32541535483934675,0.6604099814863615,0.7178393947224313,0.6499999999999999,0.6021527423641098,1
2026-07-22,824083,San Francisco Giants @ Kansas City Royals,San Francisco Giants,Kansas City Royals,Bryce Eldridge,805811,2,R,Seth Lugo,R,0.265,0.358,0.469,.264,.362,.465,4.36,1.37,0.274,,,.258,,,0.272,3.888666666666667,,,,25.0,-3,0,0,0.0,0.0,0,0,0,0.0,0.01,0.75,0.45221843003412976,0.29547006071298676,0.6604099814863615,0.6269956879451147,0.6499999999999999,0.5210398628159223,2
2026-07-22,824083,San Francisco Giants @ Kansas City Royals,Kansas City Royals,San Francisco Giants,Carter Jensen,695600,1,R,Landen Roupp,R,0.24,0.308,0.432,.224,.301,.433,3.93,1.24,0.224,,,.233,,,0.24413333333333334,3.752666666666666,,,,25.0,10,0,0,0.0,0.0,0,1,0,-0.03,0.01,1.0,0.40955631399317405,0.2473564587986103,0.5481628048604343,0.5725828708926981,0.6499999999999999,0.4871753867916875,3
2026-07-22,824083,San Francisco Giants @ Kansas City Royals,San Francisco Giants,Kansas City Royals,Heliot Ramos,671218,3,R,Seth Lugo,R,0.268,0.304,0.455,.255,.291,.427,4.36,1.37,0.274,,,.258,,,0.27366666666666667,3.888666666666667,,,,28.5,-3,0,0,0.0,0.0,0,0,0,0.0,0.01,0.5,0.4573378839590444,0.25905790363273995,0.6604099814863615,0.629761939674022,0.6499999999999999,0.4623517613051967,4
2026-07-22,824083,San Francisco Giants @ Kansas City Royals,Kansas City Royals,San Francisco Giants,Lane Thomas,657041,2,R,Landen Roupp,R,0.24,0.337,0.409,.221,.316,.403,3.93,1.24,0.224,,,.233,,,0.23220000000000005,3.752666666666666,,,,25.0,10,0,0,0.0,0.0,0,1,0,-0.03,0.01,0.75,0.40955631399317405,0.2458194607422817,0.5481628048604343,0.5527765085137215,0.6499999999999999,0.43382018292075897,5
2026-07-22,824083,San Francisco Giants @ Kansas City Royals,San Francisco Giants,Kansas City Royals,Rafael Devers,646240,4,R,Seth Lugo,R,0.242,0.312,0.468,.269,.340,.553,4.36,1.37,0.274,,,.258,,,0.246,3.888666666666667,,,,29.9,-3,0,0,0.0,0.0,0,0,0,0.0,0.01,0.25,0.41296928327645055,0.30574066058494476,0.6604099814863615,0.5838421609741603,0.6499999999999999,0.41713448373826867,6
2026-07-22,824083,San Francisco Giants @ Kansas City Royals,Kansas City Royals,San Francisco Giants,Vinnie Pasquantino,686469,3,R,Landen Roupp,R,0.227,0.316,0.345,.255,.349,.405,3.93,1.24,0.224,,,.233,,,0.22153333333333333,3.752666666666666,,,,16.0,10,0,0,0.0,0.0,0,1,0,-0.03,0.0,0.5,0.3873720136518772,0.27565860177448476,0.5481628048604343,0.5350724974487147,0.6499999999999999,0.39862436651905875,7
2026-07-22,824083,San Francisco Giants @ Kansas City Royals,San Francisco Giants,Kansas City Royals,Casey Schmitt,669477,5,R,Seth Lugo,R,0.273,0.303,0.484,.255,.290,.476,4.36,1.37,0.274,,,.258,,,0.2785333333333334,3.888666666666667,,,,21.5,-3,0,0,0.0,0.0,0,0,0,0.0,0.0,0.0,0.46587030716723554,0.26728172372875497,0.6604099814863615,0.6378393947224316,0.6499999999999999,0.3756193345864619,8
2026-07-22,824083,San Francisco Giants @ Kansas City Royals,San Francisco Giants,Kansas City Royals,Jung Hoo Lee,808982,6,R,Seth Lugo,R,0.302,0.335,0.427,.306,.339,.430,4.36,1.37,0.274,,,.258,,,0.3076,3.888666666666667,,,,12.9,-3,0,0,0.0,0.0,0,0,0,0.0,0.0,-0.25,0.515358361774744,0.30328770121771587,0.6604099814863615,0.6860828248745752,0.6499999999999999,0.3418573434815237,9
2026-07-22,824083,San Francisco Giants @ Kansas City Royals,Kansas City Royals,San Francisco Giants,Salvador Perez,521692,4,R,Landen Roupp,R,0.211,0.258,0.363,.188,.232,.324,3.93,1.24,0.224,,,.233,,,0.20933333333333334,3.752666666666666,,,,25.8,10,0,0,0.0,0.0,0,1,0,-0.03,0.01,0.25,0.36006825938566556,0.18504508626378963,0.5481628048604343,0.5148235347931129,0.6499999999999999,0.3129336432430446,10
2026-07-22,824083,San Francisco Giants @ Kansas City Royals,Kansas City Royals,San Francisco Giants,Michael Massey,686681,5,R,Landen Roupp,R,0.27,0.308,0.427,.268,.310,.433,3.93,1.24,0.224,,,.233,,,0.26253333333333334,3.752666666666666,,,,25.0,10,0,0,0.0,0.0,0,1,0,-0.03,0.01,0.0,0.4607508532423209,0.27363379322035575,0.5481628048604343,0.603122289979835,0.6499999999999999,0.29832563326019446,11
2026-07-22,824083,San Francisco Giants @ Kansas City Royals,Kansas City Royals,San Francisco Giants,Isaac Collins,686555,6,R,Landen Roupp,R,0.244,0.344,0.362,.267,.383,.387,3.93,1.24,0.224,,,.233,,,0.23966666666666664,3.752666666666666,,,,22.1,10,0,0,0.0,0.0,0,1,0,-0.03,0.0,-0.25,0.416382252559727,0.290797843364115,0.5481628048604343,0.5651693162592263,0.6499999999999999,0.25692369973804297,12
2026-07-22,824083,San Francisco Giants @ Kansas City Royals,San Francisco Giants,Kansas City Royals,Willy Adames,642715,7,R,Seth Lugo,R,0.227,0.279,0.433,.241,.290,.458,4.36,1.37,0.274,,,.258,,,0.22873333333333337,3.888666666666667,,,,29.0,-3,0,0,0.0,0.0,0,0,0,0.0,0.01,-0.5,0.3873720136518772,0.25677997343703973,0.6604099814863615,0.5551837930626804,0.6499999999999999,0.2505955567645704,13
2026-07-22,824083,San Francisco Giants @ Kansas City Royals,Kansas City Royals,San Francisco Giants,Tyler Tolbert,686475,7,R,Landen Roupp,R,0.586,0.636,1.034,.321,.355,.429,3.93,1.24,0.224,,,.233,,,0.30673333333333336,3.752666666666666,,,,25.0,10,0,0,0.0,0.0,0,1,0,-0.03,0.01,-0.5,1.0,0.31663073370714584,0.5481628048604343,0.6764832858304575,0.6499999999999999,0.22007901775948538,14
2026-07-22,824083,San Francisco Giants @ Kansas City Royals,San Francisco Giants,Kansas City Royals,Drew Gilbert,687551,8,R,Seth Lugo,R,0.226,0.308,0.351,.257,.343,.402,4.36,1.37,0.274,,,.258,,,0.23200000000000007,3.888666666666667,,,,25.0,-3,0,0,0.0,0.0,0,0,0,0.0,0.01,-0.75,0.3856655290102389,0.27406803343575603,0.6604099814863615,0.5606056464513388,0.6499999999999999,0.20573084977254824,15
2026-07-22,824083,San Francisco Giants @ Kansas City Royals,Kansas City Royals,San Francisco Giants,Starling Marte,516782,7,R,Landen Roupp,R,0.269,0.331,0.328,.242,.286,.394,3.93,1.24,0.224,,,.233,,,0.2647333333333334,3.752666666666666,,,,25.0,10,0,0,0.0,0.0,0,1,0,-0.03,0.01,-0.5,0.45904436860068265,0.2446927567382528,0.5481628048604343,0.6067737422619928,0.6499999999999999,0.19163809198199241,16
2026-07-22,824083,San Francisco Giants @ Kansas City Royals,San Francisco Giants,Kansas City Royals,Daniel Susac,691740,9,R,Seth Lugo,R,0.261,0.306,0.333,.224,.265,.316,4.36,1.37,0.274,,,.258,,,0.28086666666666665,3.888666666666667,,,,25.0,-3,0,0,0.0,0.0,0,0,0,0.0,0.01,-1.0,0.4453924914675768,0.21418411060987833,0.6604099814863615,0.6417121471429016,0.6499999999999999,0.15292584416981325,17
2026-07-22,824083,San Francisco Giants @ Kansas City Royals,San Francisco Giants,Kansas City Royals,Drew Cavanaugh,701852,9,R,Seth Lugo,R,0.237,0.356,0.237,.243,.349,.243,4.36,1.37,0.274,,,.258,,,0.2266,3.888666666666667,,,,25.0,-3,0,0,0.0,0.0,0,0,0,0.0,0.01,-1.0,0.4044368600682594,0.2410028258118243,0.6604099814863615,0.5516429908496789,0.6499999999999999,0.14612014952631636,18
2026-07-22,824083,San Francisco Giants @ Kansas City Royals,Kansas City Royals,San Francisco Giants,Josh Rojas,668942,8,R,Landen Roupp,R,0.244,0.261,0.356,.297,.316,.432,3.93,1.24,0.224,,,.233,,,0.2266,3.752666666666666,,,,25.0,10,0,0,0.0,0.0,0,1,0,-0.03,0.01,-0.75,0.416382252559727,0.2908019578251288,0.5481628048604343,0.543481902704593,0.6499999999999999,0.14367161632010142,19
2026-07-22,824083,San Francisco Giants @ Kansas City Royals,Kansas City Royals,San Francisco Giants,Nick Loftin,679845,8,R,Landen Roupp,R,0.247,0.332,0.397,.225,.312,.396,3.93,1.24,0.224,,,.233,,,0.24013333333333328,3.752666666666666,,,,25.0,10,0,0,0.0,0.0,0,1,0,-0.03,0.01,-0.75,0.42150170648464164,0.24528416936438163,0.5481628048604343,0.5659438667433203,0.6499999999999999,0.13566146381072372,20
2026-07-22,824083,San Francisco Giants @ Kansas City Royals,Kansas City Royals,San Francisco Giants,Andrew Velazquez,623205,9,R,Landen Roupp,R,0.333,0.333,0.333,.333,.333,.333,3.93,1.24,0.224,,,.233,,,0.333,3.752666666666666,,,,25.0,10,0,0,0.0,0.0,0,1,0,-0.03,0.01,-1.0,0.568259385665529,0.29837157861994396,0.5481628048604343,0.7200794130780368,0.6499999999999999,0.1220536480748218,21
2026-07-22,824004,St. Louis Cardinals @ Los Angeles Angels,St. Louis Cardinals,Los Angeles Angels,JJ Wetherholt,802139,1,R,Reid Detmers,L,0.257,0.352,0.403,.260,.353,.382,4.05,1.1,0.214,,,.215,,,0.263,4.237333333333334,,,,25.0,-8,0,0,0.0,0.0,0,0,1,0.02,0.01,1.0,0.4385665529010239,0.27566880563779905,0.497170229377711,0.6329807183143092,0.6499999999999999,0.5880153779699094,1
2026-07-22,824004,St. Louis Cardinals @ Los Angeles Angels,St. Louis Cardinals,Los Angeles Angels,Iván Herrera,671056,2,R,Reid Detmers,L,0.241,0.366,0.373,.252,.412,.393,4.05,1.1,0.214,,,.215,,,0.2488,4.237333333333334,,,,20.2,-8,0,0,0.0,0.0,0,0,1,0.02,0.0,0.75,0.4112627986348123,0.29419737563218695,0.497170229377711,0.6094122535840187,0.6499999999999999,0.5491122507589629,2
2026-07-22,824004,St. Louis Cardinals @ Los Angeles Angels,Los Angeles Angels,St. Louis Cardinals,Zach Neto,687263,1,R,Hunter Dobbins,R,0.238,0.326,0.446,.226,.308,.425,3.18,1.31,0.25,,,.240,,,0.23373333333333332,4.056666666666667,,,,32.3,-4,0,0,0.0,0.0,0,0,0,0.0,0.03,1.0,0.4061433447098976,0.24947466561775344,0.5371562247663,0.5735638924286262,0.6499999999999999,0.4945501176986221,3
2026-07-22,824004,St. Louis Cardinals @ Los Angeles Angels,St. Louis Cardinals,Los Angeles Angels,Jordan Walker,691023,3,R,Reid Detmers,L,0.289,0.351,0.517,.302,.391,.552,4.05,1.1,0.214,,,.215,,,0.29233333333333333,4.237333333333334,,,,30.9,-8,0,0,0.0,0.0,0,0,1,0.02,0.03,0.5,0.4931740614334471,0.3408765941479198,0.497170229377711,0.6816667487430781,0.6499999999999999,0.4916202296617549,4
2026-07-22,824004,St. Louis Cardinals @ Los Angeles Angels,Los Angeles Angels,St. Louis Cardinals,Mike Trout,545361,2,R,Hunter Dobbins,R,0.234,0.388,0.459,.231,.385,.463,3.18,1.31,0.25,,,.240,,,0.23260000000000003,4.056666666666667,,,,23.7,-4,0,0,0.0,0.0,0,0,0,0.0,0.0,0.75,0.39931740614334477,0.2859021284929717,0.5371562247663,0.5716828412529693,0.6499999999999999,0.4833748257410783,5
2026-07-22,824004,St. Louis Cardinals @ Los Angeles Angels,Los Angeles Angels,St. Louis Cardinals,Nolan Schanuel,694384,3,R,Hunter Dobbins,R,0.28,0.354,0.394,.299,.370,.415,3.18,1.31,0.25,,,.240,,,0.2706,4.056666666666667,,,,17.6,-4,0,0,0.0,0.0,0,0,0,0.0,0.0,0.5,0.47781569965870313,0.30791753961814505,0.5371562247663,0.6347533806720563,0.6499999999999999,0.4483392594352347,6
2026-07-22,824004,St. Louis Cardinals @ Los Angeles Angels,St. Louis Cardinals,Los Angeles Angels,Alec Burleson,676475,4,R,Reid Detmers,L,0.279,0.342,0.462,.198,.220,.281,4.05,1.1,0.214,,,.215,,,0.2770666666666667,4.237333333333334,,,,20.3,-8,0,0,0.0,0.0,0,0,1,0.02,0.0,0.25,0.47610921501706494,0.17853839532728893,0.497170229377711,0.6563278829062871,0.6499999999999999,0.4272348500810786,7
2026-07-22,824004,St. Louis Cardinals @ Los Angeles Angels,St. Louis Cardinals,Los Angeles Angels,Nelson Velázquez,676369,5,R,Reid Detmers,L,0.222,0.306,0.46,.234,.327,.553,4.05,1.1,0.214,,,.215,,,0.2720666666666667,4.237333333333334,,,,25.0,-8,0,0,0.0,0.0,0,0,1,0.02,0.01,0.0,0.37883959044368604,0.2827786765589282,0.497170229377711,0.6480291277195651,0.6499999999999999,0.39205010711098015,8
2026-07-22,824004,St. Louis Cardinals @ Los Angeles Angels,St. Louis Cardinals,Los Angeles Angels,Nathan Church,701675,5,R,Reid Detmers,L,0.228,0.269,0.366,.250,.283,.375,4.05,1.1,0.214,,,.215,,,0.2389333333333334,4.237333333333334,,,,25.0,-8,0,0,0.0,0.0,0,0,1,0.02,0.01,0.0,0.3890784982935154,0.24451007466923846,0.497170229377711,0.5930360433488874,0.6499999999999999,0.37423399398295604,9
2026-07-22,824004,St. Louis Cardinals @ Los Angeles Angels,Los Angeles Angels,St. Louis Cardinals,Vaughn Grissom,687093,4,R,Hunter Dobbins,R,0.251,0.318,0.386,.241,.295,.421,3.18,1.31,0.25,,,.240,,,0.2464666666666667,4.056666666666667,,,,25.0,-4,0,0,0.0,0.0,0,0,0,0.0,0.01,0.25,0.4283276450511946,0.2520669406349107,0.5371562247663,0.5946980556374784,0.6499999999999999,0.3683683109342394,10
2026-07-22,824004,St. Louis Cardinals @ Los Angeles Angels,St. Louis Cardinals,Los Angeles Angels,Masyn Winn,691026,6,R,Reid Detmers,L,0.24,0.316,0.323,.298,.367,.393,4.05,1.1,0.214,,,.215,,,0.24580000000000002,4.237333333333334,,,,22.9,-8,0,0,0.0,0.0,0,0,1,0.02,0.0,-0.25,0.40955631399317405,0.3024839824032731,0.497170229377711,0.6044330004719856,0.6499999999999999,0.3504370144849294,11
2026-07-22,824004,St. Louis Cardinals @ Los Angeles Angels,Los Angeles Angels,St. Louis Cardinals,Jose Siri,642350,5,R,Hunter Dobbins,R,0.269,0.324,0.473,.288,.333,.404,3.18,1.31,0.25,,,.240,,,0.26,4.056666666666667,,,,25.0,-4,0,0,0.0,0.0,0,0,0,0.0,0.01,0.0,0.45904436860068265,0.2871697116421143,0.5371562247663,0.6171600196762058,0.6499999999999999,0.33051329829184944,12
2026-07-22,824004,St. Louis Cardinals @ Los Angeles Angels,Los Angeles Angels,St. Louis Cardinals,Jo Adell,666176,5,R,Hunter Dobbins,R,0.241,0.288,0.398,.215,.266,.331,3.18,1.31,0.25,,,.240,,,0.2439333333333333,4.056666666666667,,,,26.4,-4,0,0,0.0,0.0,0,0,0,0.0,0.01,0.0,0.4112627986348123,0.21243636986042103,0.5371562247663,0.5904933530095391,0.6499999999999999,0.3078299628464261,13
2026-07-22,824004,St. Louis Cardinals @ Los Angeles Angels,Los Angeles Angels,St. Louis Cardinals,Wade Meckler,685133,6,R,Hunter Dobbins,R,0.311,0.381,0.417,.345,.409,.462,3.18,1.31,0.25,,,.240,,,0.2952,4.056666666666667,,,,25.0,-4,0,0,0.0,0.0,0,0,0,0.0,0.01,-0.25,0.5307167235494881,0.3540496993974783,0.5371562247663,0.6755832561907287,0.6499999999999999,0.30599678070786884,14
2026-07-22,824004,St. Louis Cardinals @ Los Angeles Angels,St. Louis Cardinals,Los Angeles Angels,José Fermín,665877,7,R,Reid Detmers,L,0.256,0.317,0.378,.284,.351,.420,4.05,1.1,0.214,,,.215,,,0.2642,4.237333333333334,,,,25.0,-8,0,0,0.0,0.0,0,0,1,0.02,0.01,-0.5,0.4368600682593857,0.29421679588817223,0.497170229377711,0.6349724195591224,0.6499999999999999,0.29295113071922474,15
2026-07-22,824004,St. Louis Cardinals @ Los Angeles Angels,St. Louis Cardinals,Los Angeles Angels,Blaze Jordan,691458,8,R,Reid Detmers,L,0.253,0.265,0.374,.265,.265,.441,4.05,1.1,0.214,,,.215,,,0.2382,4.237333333333334,,,,25.0,-8,0,0,0.0,0.0,0,0,1,0.02,0.01,-0.75,0.43174061433447103,0.2575913451489682,0.497170229377711,0.591818892588168,0.6499999999999999,0.22732173898878053,16
2026-07-22,824004,St. Louis Cardinals @ Los Angeles Angels,Los Angeles Angels,St. Louis Cardinals,Oswald Peraza,672724,7,R,Hunter Dobbins,R,0.24,0.284,0.373,.227,.279,.307,3.18,1.31,0.25,,,.240,,,0.24326666666666666,4.056666666666667,,,,25.0,-4,0,0,0.0,0.0,0,0,0,0.0,0.01,-0.5,0.40955631399317405,0.21912064093427894,0.5371562247663,0.5893868523179762,0.6499999999999999,0.20933505551115617,17
2026-07-22,824004,St. Louis Cardinals @ Los Angeles Angels,St. Louis Cardinals,Los Angeles Angels,Jimmy Crooks,699625,9,R,Reid Detmers,L,0.169,0.272,0.324,.200,.333,.600,4.05,1.1,0.214,,,.215,,,0.16673333333333332,4.237333333333334,,,,25.0,-8,0,0,0.0,0.0,0,0,1,0.02,0.01,-1.0,0.2883959044368601,0.27526772797817034,0.497170229377711,0.4732020184526217,0.6499999999999999,0.1639483035757491,18
2026-07-22,824004,St. Louis Cardinals @ Los Angeles Angels,Los Angeles Angels,St. Louis Cardinals,Josh Lowe,666139,8,R,Hunter Dobbins,R,0.207,0.254,0.359,.212,.266,.385,3.18,1.31,0.25,,,.240,,,0.2104,4.056666666666667,,,,25.0,-4,0,0,0.0,0.0,0,0,0,0.0,0.01,-0.75,0.3532423208191126,0.2203126825792075,0.5371562247663,0.5348363682239237,0.6499999999999999,0.15145049330828037,19
2026-07-22,824004,St. Louis Cardinals @ Los Angeles Angels,Los Angeles Angels,St. Louis Cardinals,Tyler Heineman,623168,9,R,Hunter Dobbins,R,0.175,0.227,0.223,.171,.247,.243,3.18,1.31,0.25,,,.240,,,0.16373333333333334,4.056666666666667,,,,25.0,-4,0,0,0.0,0.0,0,0,0,0.0,0.01,-1.0,0.2986348122866894,0.16723037525530232,0.5371562247663,0.45738131981451835,0.6499999999999999,0.07656165921589331,20
2026-07-22,822784,Tampa Bay Rays @ Toronto Blue Jays,Toronto Blue Jays,Tampa Bay Rays,Ernie Clement,676391,1,R,Griffin Jax,R,0.3,0.324,0.43,.304,.322,.425,4.08,1.27,0.25,,,.223,,,0.2963333333333333,4.115333333333333,,,,16.1,6,0,0,0.0,0.0,0,0,0,0.0,0.0,1.0,0.5119453924914676,0.2953680220798436,0.5723113563220017,0.680984776762305,0.6499999999999999,0.5626831289309071,1
2026-07-22,822784,Tampa Bay Rays @ Toronto Blue Jays,Tampa Bay Rays,Toronto Blue Jays,Yandy Díaz,650490,1,R,Braydon Fisher,R,0.311,0.387,0.475,.315,.391,.472,3.62,1.17,0.207,,,.202,,,0.3176,3.317333333333333,,,,14.2,7,0,0,0.0,0.0,0,0,0,0.0,0.0,1.0,0.5307167235494881,0.3337003981152477,0.4734329534510023,0.6683957639718491,0.6499999999999999,0.5407143501598899,2
2026-07-22,822784,Tampa Bay Rays @ Toronto Blue Jays,Toronto Blue Jays,Tampa Bay Rays,Nathan Lukes,664770,2,R,Griffin Jax,R,0.29,0.341,0.397,.324,.364,.451,4.08,1.27,0.25,,,.223,,,0.28846666666666665,4.115333333333333,,,,17.2,6,0,0,0.0,0.0,0,0,0,0.0,0.0,0.75,0.4948805460750853,0.32523012180450384,0.5723113563220017,0.6679280686018624,0.6499999999999999,0.5181901476380057,3
2026-07-22,822784,Tampa Bay Rays @ Toronto Blue Jays,Tampa Bay Rays,Toronto Blue Jays,Jonathan Aranda,666018,2,R,Braydon Fisher,R,0.288,0.384,0.451,.305,.396,.516,3.62,1.17,0.207,,,.202,,,0.28913333333333335,3.317333333333333,,,,22.0,7,0,0,0.0,0.0,0,0,0,0.0,0.0,0.75,0.49146757679180886,0.3379138530610767,0.4734329534510023,0.6211481844421118,0.6499999999999999,0.48468057696688666,4
2026-07-22,822784,Tampa Bay Rays @ Toronto Blue Jays,Toronto Blue Jays,Tampa Bay Rays,Vladimir Guerrero Jr.,665489,3,R,Griffin Jax,R,0.256,0.339,0.349,.256,.325,.344,4.08,1.27,0.25,,,.223,,,0.2624000000000001,4.115333333333333,,,,20.4,6,0,0,0.0,0.0,0,0,0,0.0,0.0,0.5,0.4368600682593857,0.25704428641256855,0.5723113563220017,0.6246638915617518,0.6499999999999999,0.44465406223400544,5
2026-07-22,822784,Tampa Bay Rays @ Toronto Blue Jays,Tampa Bay Rays,Toronto Blue Jays,Junior Caminero,691406,3,R,Braydon Fisher,R,0.288,0.38,0.559,.271,.352,.546,3.62,1.17,0.207,,,.202,,,0.28220000000000006,3.317333333333333,,,,22.4,7,0,0,0.0,0.0,0,0,0,0.0,0.0,0.5,0.49146757679180886,0.3097969431200452,0.4734329534510023,0.6096405772498574,0.6499999999999999,0.42592520840279063,6
2026-07-22,822784,Tampa Bay Rays @ Toronto Blue Jays,Toronto Blue Jays,Tampa Bay Rays,George Springer,543807,4,R,Griffin Jax,R,0.228,0.31,0.39,.223,.296,.376,4.08,1.27,0.25,,,.223,,,0.22173333333333337,4.115333333333333,,,,23.2,6,0,0,0.0,0.0,0,0,0,0.0,0.0,0.25,0.3890784982935154,0.23509166196246625,0.5723113563220017,0.557167349376413,0.6499999999999999,0.379041424793679,7
2026-07-22,822784,Tampa Bay Rays @ Toronto Blue Jays,Toronto Blue Jays,Tampa Bay Rays,Yohendrick Piñango,682818,5,R,Griffin Jax,R,0.267,0.313,0.413,.298,.351,.438,4.08,1.27,0.25,,,.223,,,0.2812,4.115333333333333,,,,25.0,6,0,0,0.0,0.0,0,0,0,0.0,0.01,0.0,0.4556313993174062,0.3047185461798875,0.5723113563220017,0.6558672110638264,0.6499999999999999,0.35125312510114637,8
2026-07-22,822784,Tampa Bay Rays @ Toronto Blue Jays,Tampa Bay Rays,Toronto Blue Jays,Cedric Mullins,656775,4,R,Braydon Fisher,R,0.202,0.28,0.347,.203,.274,.388,3.62,1.17,0.207,,,.202,,,0.206,3.317333333333333,,,,23.6,7,0,0,0.0,0.0,0,0,0,0.0,0.0,0.25,0.3447098976109215,0.21893285693360742,0.4734329534510023,0.48316754820421415,0.6499999999999999,0.33423823249933465,9
2026-07-22,822784,Tampa Bay Rays @ Toronto Blue Jays,Tampa Bay Rays,Toronto Blue Jays,Chandler Simpson,802415,5,R,Braydon Fisher,R,0.289,0.324,0.352,.307,.350,.361,3.62,1.17,0.207,,,.202,,,0.27873333333333333,3.317333333333333,,,,10.7,7,0,0,0.0,0.0,0,0,0,0.0,0.0,0.0,0.4931740614334471,0.2956144782945724,0.4734329534510023,0.6038867736537301,0.6499999999999999,0.3215165216570033,10
2026-07-22,822784,Tampa Bay Rays @ Toronto Blue Jays,Toronto Blue Jays,Tampa Bay Rays,Alejandro Kirk,672386,6,R,Griffin Jax,R,0.204,0.288,0.306,.208,.284,.319,4.08,1.27,0.25,,,.223,,,0.19693333333333335,4.115333333333333,,,,25.0,6,0,0,0.0,0.0,0,0,0,0.0,0.01,-0.25,0.34812286689419797,0.2130073747599212,0.5723113563220017,0.5160055236502719,0.6499999999999999,0.2573460791341216,11
2026-07-22,822784,Tampa Bay Rays @ Toronto Blue Jays,Tampa Bay Rays,Toronto Blue Jays,Victor Mesa Jr.,683748,6,R,Braydon Fisher,R,0.218,0.304,0.475,.207,.305,.476,3.62,1.17,0.207,,,.202,,,0.2008666666666667,3.317333333333333,,,,25.0,7,0,0,0.0,0.0,0,0,0,0.0,0.01,-0.25,0.37201365187713314,0.24736666266192459,0.4734329534510023,0.4746474928791796,0.6499999999999999,0.23006867563265876,12
2026-07-22,822784,Tampa Bay Rays @ Toronto Blue Jays,Toronto Blue Jays,Tampa Bay Rays,Daulton Varsho,662139,7,R,Griffin Jax,R,0.239,0.304,0.38,.233,.300,.370,4.08,1.27,0.25,,,.223,,,0.24413333333333329,4.115333333333333,,,,25.0,6,0,0,0.0,0.0,0,0,0,0.0,0.01,-0.5,0.40784982935153585,0.24070279931469538,0.5723113563220017,0.5943457726129273,0.6499999999999999,0.22602097261721343,13
2026-07-22,822784,Tampa Bay Rays @ Toronto Blue Jays,Tampa Bay Rays,Toronto Blue Jays,Taylor Walls,670764,7,R,Braydon Fisher,R,0.219,0.312,0.289,.237,.335,.314,3.62,1.17,0.207,,,.202,,,0.22160000000000002,3.317333333333333,,,,25.0,7,0,0,0.0,0.0,0,0,0,0.0,0.01,-0.5,0.37372013651877134,0.24534284157843894,0.4734329534510023,0.5090596643867868,0.6499999999999999,0.18472454608792843,14
2026-07-22,822784,Tampa Bay Rays @ Toronto Blue Jays,Toronto Blue Jays,Tampa Bay Rays,Sean Keys,815873,8,R,Griffin Jax,R,0.176,0.2,0.294,.188,.188,.313,4.08,1.27,0.25,,,.223,,,0.192,4.115333333333333,,,,25.0,6,0,0,0.0,0.0,0,0,0,0.0,0.01,-0.75,0.3003412969283277,0.16760495578600196,0.5723113563220017,0.5078174185327061,0.6499999999999999,0.14476725862300688,15
2026-07-22,822784,Tampa Bay Rays @ Toronto Blue Jays,Tampa Bay Rays,Toronto Blue Jays,Richie Palacios,680700,8,R,Braydon Fisher,R,0.236,0.333,0.337,.236,.335,.337,3.62,1.17,0.207,,,.202,,,0.23633333333333334,3.317333333333333,,,,25.0,7,0,0,0.0,0.0,0,0,0,0.0,0.01,-0.75,0.40273037542662116,0.2488434250090107,0.4734329534510023,0.5335133296703276,0.6499999999999999,0.13926774173810247,16
2026-07-22,822784,Tampa Bay Rays @ Toronto Blue Jays,Toronto Blue Jays,Tampa Bay Rays,Andrés Giménez,665926,9,R,Griffin Jax,R,0.226,0.269,0.352,.239,.277,.372,4.08,1.27,0.25,,,.223,,,0.2340666666666667,4.115333333333333,,,,25.3,6,0,0,0.0,0.0,0,0,0,0.0,0.01,-1.0,0.3856655290102389,0.23609336864089478,0.5723113563220017,0.5776376121703272,0.6499999999999999,0.12236239088237329,17
2026-07-22,822784,Tampa Bay Rays @ Toronto Blue Jays,Tampa Bay Rays,Toronto Blue Jays,Hunter Feduccia,676439,9,R,Braydon Fisher,R,0.23,0.31,0.333,.243,.333,.364,3.62,1.17,0.207,,,.202,,,0.23180000000000003,3.317333333333333,,,,25.0,7,0,0,0.0,0.0,0,0,0,0.0,0.01,-1.0,0.3924914675767919,0.2565396066246114,0.4734329534510023,0.5259891249676997,0.6499999999999999,0.09006315643660845,18
2026-07-22,824327,Washington Nationals @ Colorado Rockies,Colorado Rockies,Washington Nationals,Jake McCarthy,664983,1,R,Cade Cavalli,R,0.305,0.348,0.511,.285,.331,.496,3.58,1.29,0.255,,,.228,,,0.3032,3.8673333333333333,,,,25.0,-6,0,0,0.0,0.0,0,0,1,0.02,0.01,1.0,0.5204778156996587,0.30099191426121563,0.551208628522794,0.6774997496208347,0.6499999999999999,0.5672355295652672,1
2026-07-22,824327,Washington Nationals @ Colorado Rockies,Colorado Rockies,Washington Nationals,Mickey Moniak,666160,2,R,Cade Cavalli,R,0.279,0.324,0.563,.292,.338,.611,3.58,1.29,0.255,,,.228,,,0.27899999999999997,3.8673333333333333,,,,28.4,-6,0,0,0.0,0.0,0,0,1,0.02,0.01,0.75,0.47610921501706494,0.3272641467513039,0.551208628522794,0.6373337745171,0.6499999999999999,0.5177786914222291,2
2026-07-22,824327,Washington Nationals @ Colorado Rockies,Washington Nationals,Colorado Rockies,James Wood,695578,1,R,Gabriel Hughes,R,0.27,0.397,0.551,.276,.419,.579,2.79,1.14,0.229,,,.167,,,0.2718666666666667,2.2325,,,,31.2,-11,0,0,0.0,0.0,0,0,1,0.02,0.03,1.0,0.4607508532423209,0.341823167048763,0.3927206578679229,0.5273911367066554,0.6499999999999999,0.4873806596285659,3
2026-07-22,824327,Washington Nationals @ Colorado Rockies,Washington Nationals,Colorado Rockies,Jacob Young,696285,1,R,Gabriel Hughes,R,0.23,0.285,0.382,.219,.268,.370,2.79,1.14,0.229,,,.167,,,0.22580000000000006,2.2325,,,,21.1,-11,0,0,0.0,0.0,0,0,1,0.02,0.0,1.0,0.3924914675767919,0.22206807622615052,0.3927206578679229,0.4509319389196568,0.6499999999999999,0.47597300725486297,4
2026-07-22,824327,Washington Nationals @ Colorado Rockies,Washington Nationals,Colorado Rockies,Luis García Jr.,671277,2,R,Gabriel Hughes,R,0.28,0.311,0.55,.288,.321,.579,2.79,1.14,0.229,,,.167,,,0.2825333333333333,2.2325,,,,19.8,-11,0,0,0.0,0.0,0,0,1,0.02,0.0,0.75,0.47781569965870313,0.31356850495298816,0.3927206578679229,0.5450951477716622,0.6499999999999999,0.4629725957643733,5
2026-07-22,824327,Washington Nationals @ Colorado Rockies,Colorado Rockies,Washington Nationals,TJ Rumfield,681198,4,R,Cade Cavalli,R,0.297,0.381,0.476,.313,.397,.526,3.58,1.29,0.255,,,.228,,,0.2976,3.8673333333333333,,,,25.0,-6,0,0,0.0,0.0,0,0,1,0.02,0.01,0.25,0.5068259385665529,0.3442174542019345,0.551208628522794,0.6682051438117059,0.6499999999999999,0.42664772367907766,6
2026-07-22,824327,Washington Nationals @ Colorado Rockies,Colorado Rockies,Washington Nationals,Hunter Goodman,696100,3,R,Cade Cavalli,R,0.258,0.327,0.563,.244,.307,.565,3.58,1.29,0.255,,,.228,,,0.25206666666666666,3.8673333333333333,,,,35.4,-6,0,0,0.0,0.0,0,0,1,0.02,0.05,0.5,0.44027303754266217,0.2830777155854137,0.551208628522794,0.5926311465779577,0.6499999999999999,0.41002668943988535,7
2026-07-22,824327,Washington Nationals @ Colorado Rockies,Washington Nationals,Colorado Rockies,José Tena,677588,3,R,Gabriel Hughes,R,0.247,0.312,0.407,.241,.295,.400,2.79,1.14,0.229,,,.167,,,0.23426666666666665,2.2325,,,,25.0,-11,0,0,0.0,0.0,0,0,1,0.02,0.01,0.5,0.42150170648464164,0.24839132803281036,0.3927206578679229,0.46498449770250594,0.6499999999999999,0.3746617040239554,8
2026-07-22,824327,Washington Nationals @ Colorado Rockies,Colorado Rockies,Washington Nationals,Cole Carrigg,694249,5,R,Cade Cavalli,R,0.291,0.365,0.504,.267,.384,.517,3.58,1.29,0.255,,,.228,,,0.2917333333333333,3.8673333333333333,,,,25.0,-6,0,0,0.0,0.0,0,0,1,0.02,0.01,0.0,0.49658703071672355,0.3139042449717172,0.551208628522794,0.6584679377259521,0.6499999999999999,0.3676088404586603,9
2026-07-22,824327,Washington Nationals @ Colorado Rockies,Washington Nationals,Colorado Rockies,CJ Abrams,682928,4,R,Gabriel Hughes,R,0.286,0.359,0.544,.302,.385,.601,2.79,1.14,0.229,,,.167,,,0.27553333333333335,2.2325,,,,27.9,-11,0,0,0.0,0.0,0,0,1,0.02,0.01,0.25,0.4880546075085324,0.34733736769950607,0.3927206578679229,0.5334768905102515,0.6499999999999999,0.35967207286179115,10
2026-07-22,824327,Washington Nationals @ Colorado Rockies,Colorado Rockies,Washington Nationals,Kyle Karros,691720,6,R,Cade Cavalli,R,0.259,0.362,0.427,.246,.356,.439,3.58,1.29,0.255,,,.228,,,0.2618,3.8673333333333333,,,,25.0,-6,0,0,0.0,0.0,0,0,1,0.02,0.01,-0.25,0.44197952218430037,0.27935207113738514,0.551208628522794,0.6087860566747765,0.6499999999999999,0.30151851484240094,11
2026-07-22,824327,Washington Nationals @ Colorado Rockies,Washington Nationals,Colorado Rockies,Dylan Crews,686611,5,R,Gabriel Hughes,R,0.214,0.291,0.354,.168,.243,.282,2.79,1.14,0.229,,,.167,,,0.21993333333333334,2.2325,,,,25.0,-11,0,0,0.0,0.0,0,0,1,0.02,0.01,0.0,0.3651877133105802,0.17107081316561695,0.3927206578679229,0.441194732833903,0.6499999999999999,0.2517631105768665,12
2026-07-22,824327,Washington Nationals @ Colorado Rockies,Colorado Rockies,Washington Nationals,Willi Castro,650489,7,R,Cade Cavalli,R,0.26,0.328,0.394,.243,.322,.396,3.58,1.29,0.255,,,.228,,,0.2645333333333334,3.8673333333333333,,,,29.9,-6,0,0,0.0,0.0,0,0,1,0.02,0.01,-0.5,0.4436860068259386,0.2582618377157829,0.551208628522794,0.6133227095101846,0.6499999999999999,0.24692645441231162,13
2026-07-22,824327,Washington Nationals @ Colorado Rockies,Washington Nationals,Colorado Rockies,Daylen Lile,695734,6,R,Gabriel Hughes,R,0.244,0.297,0.405,.246,.295,.444,2.79,1.14,0.229,,,.167,,,0.25,2.2325,,,,23.0,-11,0,0,0.0,0.0,0,0,1,0.02,0.0,-0.25,0.416382252559727,0.25871804915299706,0.3927206578679229,0.4910979140233912,0.6499999999999999,0.24116039675213477,14
2026-07-22,824327,Washington Nationals @ Colorado Rockies,Washington Nationals,Colorado Rockies,Keibert Ruiz,660688,7,R,Gabriel Hughes,R,0.274,0.302,0.462,.255,.291,.438,2.79,1.14,0.229,,,.167,,,0.2783333333333333,2.2325,,,,25.0,-11,0,0,0.0,0.0,0,0,1,0.02,0.01,-0.5,0.4675767918088738,0.26098322451955436,0.3927206578679229,0.5381241934148158,0.6499999999999999,0.1887806325024878,15
2026-07-22,824327,Washington Nationals @ Colorado Rockies,Colorado Rockies,Washington Nationals,Edouard Julien,666397,8,R,Cade Cavalli,R,0.215,0.324,0.3,.222,.325,.315,3.58,1.29,0.255,,,.228,,,0.22506666666666666,3.8673333333333333,,,,25.0,-6,0,0,0.0,0.0,0,0,1,0.02,0.01,-0.75,0.36689419795221845,0.2341154649423235,0.551208628522794,0.547817868569659,0.6499999999999999,0.18106413507786787,16
2026-07-22,824327,Washington Nationals @ Colorado Rockies,Washington Nationals,Colorado Rockies,Jorbit Vivas,678391,8,R,Gabriel Hughes,R,0.246,0.329,0.348,.241,.324,.358,2.79,1.14,0.229,,,.167,,,0.2486,2.2325,,,,25.0,-11,0,0,0.0,0.0,0,0,1,0.02,0.01,-0.75,0.41979522184300344,0.2512657727862966,0.3927206578679229,0.488774262571109,0.6499999999999999,0.1289487799426173,17
2026-07-22,824327,Washington Nationals @ Colorado Rockies,Colorado Rockies,Washington Nationals,Brett Sullivan,664954,9,R,Cade Cavalli,R,0.36,0.407,0.6,.212,.252,.404,3.58,1.29,0.255,,,.228,,,0.21800000000000003,3.8673333333333333,,,,25.0,-6,0,0,0.0,0.0,0,0,1,0.02,0.01,-1.0,0.6143344709897611,0.2187017065138501,0.551208628522794,0.5360889612390919,0.6499999999999999,0.12545135937116447,18
2026-07-22,824327,Washington Nationals @ Colorado Rockies,Washington Nationals,Colorado Rockies,Nasim Nuñez,683083,9,R,Gabriel Hughes,R,0.253,0.333,0.299,.250,.319,.284,2.79,1.14,0.229,,,.167,,,0.24293333333333333,2.2325,,,,25.0,-11,0,0,0.0,0.0,0,0,1,0.02,0.01,-1.0,0.43174061433447103,0.24127635518002413,0.3927206578679229,0.4793690066928241,0.6499999999999999,0.07504063715930646,19
